id,a_score,b_score,final_score
4bcd0f17-a81c-4d54-bb2d-003a063b2ed8,0.9842657342657344,0.9825174825174825,0.983041958041958
70f50736-5f62-4a34-81be-6d203a0581de,0.9379370629370628,1.0,0.9813811188811188
2a8a9371-6082-479e-a31f-4cced975980a,0.868881118881119,0.993006993006993,0.9557692307692307
e6ae5961-75db-4616-bfb6-8753333f6e7e,0.8059440559440559,0.9755244755244755,0.9246503496503496
34fb09c9-d8bf-4eee-9e23-e8f46a70e8ee,0.9195804195804196,0.9265734265734266,0.9244755244755244
3ad368b1-e576-4b93-9479-d503b4aeb36e,0.944055944055944,0.8951048951048951,0.9097902097902097
7519e4c0-a53a-478b-9189-112b230dac87,0.8968531468531469,0.8846153846153846,0.8882867132867132
c13962ca-be36-4a5f-82f7-ca10170e867c,0.722027972027972,0.9545454545454546,0.8847902097902098
44dc29fc-b54d-45f9-9cf3-864fe3aab305,0.6477272727272727,0.972027972027972,0.8747377622377622
6fe8c687-44d1-4c62-b691-a936faa39b06,0.6861888111888113,0.9440559440559441,0.8666958041958042
7bae192e-3dcf-4a4d-bbfc-70815914517f,0.9073426573426572,0.8461538461538461,0.8645104895104895
33e86025-5eb3-413e-8790-fb59c807e273,0.840034965034965,0.8741258741258742,0.8638986013986014
286783bf-9f29-4918-b951-56878335a9d2,0.5559440559440559,0.986013986013986,0.856993006993007
5670d573-77c4-407f-bf87-e4d428c926b5,0.5926573426573427,0.958041958041958,0.8484265734265733
a9fb3f57-a875-4684-b099-5c00e674b708,0.7893356643356644,0.8601398601398601,0.8388986013986013
f03e75af-d1b0-4622-84ff-3985ef5befc9,0.5716783216783217,0.9475524475524476,0.8347902097902098
097479bc-7fb6-4b2e-b6d0-4dc7fe334fb9,0.4702797202797203,0.9895104895104895,0.8337412587412587
f5a1b7e2-d66a-4fc9-9dd3-bc516fe5b54d,0.923951048951049,0.7937062937062938,0.8327797202797202
9281d3dd-af83-4780-af64-938d0fe0ba6d,0.6284965034965035,0.9090909090909091,0.8249125874125874
dadb86f5-b3a2-4898-880a-23d2422a4970,0.5428321678321678,0.9335664335664335,0.8163461538461538
1f5c6c6f-6c9e-4293-9c6e-1e8ec7f42375,0.7272727272727273,0.8496503496503497,0.8129370629370629
1309b945-9e5d-45e1-b660-ab7fcdff01db,0.4230769230769231,0.965034965034965,0.8024475524475524
376eeab4-f20d-40e1-91c9-b43790537b2b,0.6407342657342657,0.8706293706293706,0.8016608391608391
10180682-adb6-4432-b4aa-444fbda6a55b,0.4606643356643357,0.9405594405594405,0.7965909090909091
1cc0328f-f627-49ec-b7d1-44f9ee1cf8e9,0.7578671328671329,0.8111888111888111,0.7951923076923075
280c2936-c027-4513-8ab6-3511c0a61ac2,0.3461538461538461,0.9790209790209791,0.7891608391608391
83f434e8-c106-4974-b1d3-7667817006c3,0.4676573426573426,0.9230769230769231,0.786451048951049
5718ea8c-9223-4d16-af19-341d12c55777,0.2884615384615384,0.9965034965034965,0.784090909090909
4e1446b0-d28f-408f-817e-539d90f4553c,0.534965034965035,0.8881118881118881,0.782167832167832
e67d6106-1edc-425d-9317-23c99e7847fe,0.3994755244755245,0.9370629370629371,0.7757867132867132
c8b63fa8-d20c-4b09-ad1c-67eda91a2b38,0.5568181818181818,0.8671328671328671,0.7740384615384615
cfb5ad03-d16a-4ec7-8ffd-3b92d23a9054,0.4501748251748252,0.9125874125874126,0.7738636363636364
c0cc6ffe-5405-4b14-8fcf-f1c4bb741cca,0.4737762237762237,0.8986013986013986,0.7711538461538461
ef16de92-92f5-4a39-b3cb-a33a5bd6ba64,0.3435314685314685,0.951048951048951,0.7687937062937061
212693dc-2179-49fe-9774-c3913275b0b1,0.791083916083916,0.7587412587412588,0.7684440559440558
c45abc14-cb94-42de-88bd-17842d43b7f2,0.6153846153846153,0.8286713286713286,0.7646853146853146
00168864-185a-4a46-8091-c6629b11bc7d,0.4807692307692308,0.8811188811188811,0.761013986013986
7e600007-2ca7-42f1-988e-14deb07659ac,0.3522727272727273,0.9300699300699301,0.7567307692307692
c3a729a8-df2e-470f-af52-528e37c0698b,0.6372377622377622,0.7972027972027972,0.7492132867132867
7460cdc2-f9c7-4551-9a93-5a61ec073d24,0.7631118881118881,0.7412587412587412,0.7478146853146853
1d6776c3-e86d-46f8-83b9-49c191153228,0.5533216783216783,0.8216783216783217,0.7411713286713286
cac9763c-5f11-4ee3-b64e-e46244d40356,0.4501748251748252,0.8636363636363636,0.739597902097902
683e033a-6822-4802-9f74-edfcc6f9299a,0.8365384615384616,0.6958041958041958,0.7380244755244756
8db4019b-8383-422c-89f0-13c47797fc28,0.7508741258741259,0.7307692307692307,0.7368006993006992
cc896896-cc9c-4bce-afcc-c5b1f1114af9,0.6223776223776224,0.7657342657342657,0.7227272727272727
4b5e1118-4eb8-4232-9cb2-a61277f6731c,0.4501748251748252,0.8391608391608392,0.722465034965035
909e9da6-041a-4205-93de-a881622bae61,0.4501748251748252,0.8356643356643356,0.7200174825174825
0dd5148c-579b-4cc2-b934-06c6eec594c6,0.3881118881118881,0.8566433566433567,0.716083916083916
884dde43-8d0d-48a8-8763-c41771105d78,0.1372377622377622,0.9615384615384616,0.7142482517482517
97cf745a-d574-49dc-a4ec-302116fd8265,0.4370629370629371,0.8321678321678322,0.7136363636363636
9cb760fb-7f1a-4095-9709-6b027b095773,0.118006993006993,0.9685314685314685,0.7133741258741259
7192324f-87e0-4988-9e63-6965a3c72e94,0.2298951048951049,0.9195804195804196,0.712674825174825
56074bfc-ce6e-4988-989a-905ee00140c7,0.7744755244755245,0.6853146853146853,0.712062937062937
13a4da26-616b-4cca-bc20-c7081f0abc85,0.9152097902097902,0.6223776223776224,0.7102272727272727
ceaed1fb-8366-446d-88ad-4d26987db8a9,0.2596153846153846,0.9020979020979021,0.7093531468531468
c1d07677-7f99-4cdb-84d2-c06e7223b567,0.2395104895104895,0.9055944055944056,0.7057692307692307
aa4d912d-637a-43cd-84bb-db689c32bcc2,0.6765734265734267,0.7132867132867133,0.7022727272727273
c2c6d707-6990-4269-b8b2-8ce007f9abf9,0.4501748251748252,0.8041958041958042,0.6979895104895104
4847bf64-d72c-46be-b889-1435c970a559,0.9082167832167832,0.6013986013986014,0.6934440559440558
545ef007-40cf-4ddb-a85d-c6c8abc024e1,0.4842657342657342,0.7797202797202797,0.691083916083916
df2bfeda-c5ab-4900-a5dd-00302d34144a,0.5472027972027972,0.7517482517482518,0.6903846153846154
1bb8e50f-ff51-4620-bbdc-5a18f5f48284,0.3994755244755245,0.8146853146853147,0.6901223776223776
19a20ed4-7b82-4937-8cc7-b835037656c6,0.9213286713286714,0.583916083916084,0.6851398601398602
4f8c4099-3d59-4f07-8e81-a8ebf9653a5b,0.9291958041958044,0.5804195804195804,0.6850524475524475
b9f9589b-efac-4b48-a109-defe1a554542,0.7980769230769231,0.6328671328671329,0.6824300699300699
b9ce4179-1d54-4fb7-9013-af87a969d137,0.9265734265734268,0.5769230769230769,0.6818181818181819
1951f1f4-066b-4d33-9b77-36dc080168db,0.2097902097902097,0.8776223776223776,0.6772727272727272
64591172-f987-4c2a-a42c-6ae026dad9ab,0.5314685314685315,0.7377622377622378,0.6758741258741259
729a2dd1-dd1b-4dfc-b02c-d13db2701bd5,0.3076923076923077,0.8251748251748252,0.6699300699300699
1aae18ac-cd7f-4c87-826c-ef497ee80dcf,0.8881118881118881,0.5734265734265734,0.6678321678321678
ea32fb65-d5a2-4d46-824b-7be513a3989e,0.4798951048951049,0.7482517482517482,0.6677447552447552
23bc8a6e-c64b-4e5f-af3b-6830ab6e2565,0.8933566433566433,0.5699300699300699,0.6669580419580419
50ce32ee-7396-44ba-842c-b5e34ef89cbe,0.6809440559440559,0.6538461538461539,0.6619755244755244
7d3995b7-407a-40ad-a50a-993872eab98c,0.3566433566433566,0.7902097902097902,0.66013986013986
39606f73-dabb-4137-a3e5-394d1ff01d9a,0.8618881118881119,0.5664335664335665,0.6550699300699301
b0ca377d-78e5-4bdc-8e09-b7e4fc63ac5f,0.4178321678321678,0.7552447552447552,0.654020979020979
5fab8c02-35fa-498f-a6fc-2e6b83f15ee0,0.8741258741258742,0.5594405594405595,0.6538461538461539
c8c6e56a-5910-4ab2-a5ac-45bc3f3d8669,0.2622377622377622,0.8181818181818182,0.6513986013986014
b3a3906c-a56b-40d2-8865-a5ae677a1749,0.0297202797202797,0.916083916083916,0.650174825174825
1474456c-e9c2-49ef-8ec9-4dec22189880,0.1590909090909091,0.8531468531468531,0.6449300699300698
efb8ae86-c2c9-4faa-911d-2141cbe31033,0.5821678321678322,0.6713286713286714,0.6445804195804196
9dc0257c-20da-4c88-9171-494005824e2e,0.0664335664335664,0.8916083916083916,0.644055944055944
b639e425-9177-44b0-816f-8b5f9dd7cc49,0.4082167832167833,0.7447552447552448,0.6437937062937064
e5394c42-0600-4424-9045-0a63713b84c6,0.5751748251748252,0.6678321678321678,0.640034965034965
748898ff-c184-460e-ac7b-81e01945fa74,0.4501748251748252,0.7167832167832168,0.6368006993006992
3bc4197d-9f3e-4d77-815a-ebd0a672222a,0.8269230769230769,0.548951048951049,0.6323426573426573
5967a332-484d-4815-8ed3-d32ff8f95117,0.6765734265734267,0.6083916083916084,0.6288461538461538
9d9f9206-df63-44a1-b757-35afd97fd4fe,0.1284965034965035,0.8426573426573427,0.6284090909090909
b3344f28-5414-4c7a-bd00-74e270d41dc3,0.833916083916084,0.5384615384615384,0.6270979020979021
dcb163c8-0588-4acd-9e26-0db8348fb6d5,0.5367132867132867,0.6573426573426573,0.6211538461538461
5f90b118-8274-4db8-8862-39ca9e1cca8e,0.2333916083916083,0.7867132867132867,0.6207167832167831
e93ed33b-fede-484a-9238-c736715bb23e,0.2412587412587412,0.7832167832167832,0.6206293706293706
d5f23932-a55b-495f-8f5d-f304760076da,0.5655594405594406,0.6433566433566433,0.6200174825174825
77888c07-ad44-406e-829b-c34182f5eb47,0.270979020979021,0.7692307692307693,0.6197552447552447
906a9c79-421d-44ed-9919-2f3b1dbca9e2,0.8741258741258742,0.5104895104895105,0.6195804195804195
6f28f317-f190-4c2d-8a13-ef086e22bbe4,0.3645104895104895,0.7237762237762237,0.6159965034965034
47aac9ce-9ea0-461a-8ddb-2e3b7066b515,0.7412587412587412,0.5559440559440559,0.6115384615384616
276284a0-cfd2-41d1-9eaf-4381f0e08d8c,0.6503496503496504,0.5944055944055944,0.6111888111888112
af88a4bf-59a4-4c64-acb6-c6f9c98c0f79,0.4519230769230768,0.6783216783216783,0.6104020979020979
4b5cff0b-6931-44f5-a404-2689a32307c2,0.1346153846153846,0.8006993006993007,0.6008741258741258
767eeb58-0253-4157-a5fc-6a2f3c5cd985,0.4501748251748252,0.6643356643356644,0.6000874125874126
3387ac10-7dcb-4182-8dcc-a9da7e896075,0.6031468531468531,0.5874125874125874,0.5921328671328672
c785e478-66f8-4dbd-bd0b-f9470d2a2ecf,0.4501748251748252,0.6503496503496503,0.5902972027972027
0698c01f-6a8b-4969-b3f9-965745be9078,0.4501748251748252,0.6468531468531469,0.5878496503496503
f8647449-d5bf-4b05-89a0-e4a81107aba6,0.069055944055944,0.8076923076923077,0.5861013986013985
73b6afad-568e-4f6d-8677-c815b22f8899,0.6818181818181819,0.541958041958042,0.583916083916084
4ec02a39-de56-4aa7-8c19-b195f212b3cd,0.1590909090909091,0.7622377622377622,0.5812937062937062
8b03500e-2055-461e-8623-a08f17010f1a,0.8199300699300699,0.4755244755244755,0.5788461538461538
7de11a45-8b4a-4048-8232-14692651353b,0.6153846153846154,0.5629370629370629,0.5786713286713286
12728c14-2b5d-4951-a655-4d2f3a203c48,0.4685314685314685,0.6258741258741258,0.5786713286713285
d4492fff-3c92-4b33-ab28-5f45c9758d43,0.2132867132867132,0.7342657342657343,0.577972027972028
6247cc22-f495-426f-952d-9ff8fb8a7a78,0.5445804195804196,0.5909090909090909,0.5770104895104895
188d0288-033c-46c2-a2c3-40575fae50b6,0.2412587412587412,0.7202797202797203,0.5765734265734266
d079b56e-4679-4895-b55c-5b961b91daef,0.9667832167832168,0.4090909090909091,0.5763986013986013
09e1b5d9-9539-4c37-b931-3490cb6a3ef7,0.4501748251748252,0.6293706293706294,0.5756118881118881
8709555c-d9a9-472f-ae7e-ddc66e6ec537,0.6634615384615384,0.534965034965035,0.573513986013986
f9557137-c372-4ec5-a938-007cd3a713dc,0.7202797202797203,0.5,0.5660839160839161
12fc3b99-8d31-47fb-9105-24df6b301d77,0.8828671328671328,0.42657342657342656,0.5634615384615385
5f12bb1d-42ca-4199-8844-3521fa40b9f8,0.0664335664335664,0.7727272727272727,0.5608391608391609
747f809b-b0da-40c7-ad34-65a279a6e4ae,0.8006993006993006,0.458041958041958,0.5608391608391607
13e67e69-e58e-447d-bce9-c8e58a4a43b2,0.8347902097902098,0.43006993006993005,0.5514860139860139
2f711bb0-10f4-4a31-8894-bd495abe63bb,0.6896853146853147,0.486013986013986,0.5471153846153846
da35c6ee-0a91-4cec-9cf5-471d31d83288,0.0113636363636363,0.7762237762237763,0.5467657342657343
922d0f86-97da-45e5-a3cc-08d1102b6845,0.9082167832167832,0.3916083916083916,0.5465909090909091
49e7bf39-ddef-4bc9-a636-2757b5933c34,0.1590909090909091,0.7097902097902098,0.5445804195804195
efd1512e-2c8c-436c-a0dc-5a381a6a3985,0.8767482517482518,0.4020979020979021,0.544493006993007
d671f6c1-642d-41a6-9bc6-c5fe95b4027b,0.2054195804195804,0.6888111888111889,0.5437937062937063
fb178c1a-825e-43d5-ae9f-81a0f1610038,0.7333916083916083,0.46153846153846156,0.5430944055944056
8587f34f-b5b9-4038-a272-1e8819e6b2e1,0.9283216783216784,0.3776223776223776,0.5428321678321678
522b4b04-d3f6-4ab0-9ee2-46f769c3676b,0.715909090909091,0.46853146853146854,0.5427447552447553
3c964f1f-a1f9-4743-a2b7-7e6083c3c0dd,0.2115384615384615,0.6818181818181818,0.5407342657342656
f51e3a19-09b8-4f44-b7c3-6f3eb2b1e597,0.1590909090909091,0.7027972027972028,0.5396853146853147
b2958245-7f45-41d1-b629-b92929e0cc51,0.506993006993007,0.5524475524475524,0.5388111888111887
233e577f-3085-4fc8-8e76-e4e5442e97b1,0.1590909090909091,0.6993006993006993,0.5372377622377622
b4d4281d-3f03-4fd4-b8c8-12a96cc0c1cf,0.7237762237762237,0.45454545454545453,0.5353146853146853
c4393725-ba34-4824-87e7-bfd2bcb639f7,0.2770979020979021,0.6398601398601399,0.5310314685314685
54ef7659-3c2d-4772-a23f-7ffaa5ecf79d,0.1127622377622377,0.7062937062937062,0.5282342657342657
26ae2fa3-d56d-45e9-b980-6995c7e48a15,0.0576923076923076,0.7272727272727273,0.5263986013986013
ab35dfb7-35b7-4c7a-9d90-4eb41e5cb92b,0.7998251748251749,0.40559440559440557,0.5238636363636363
e8442556-bed5-4d11-a1e9-151c54e1838b,0.4667832167832168,0.5454545454545454,0.5218531468531469
1e2e1c94-77cf-46b2-8cd8-7e0056d8760e,0.7237762237762237,0.43356643356643354,0.5206293706293705
ba958622-2bc0-473c-a016-e0c2c48d7798,0.2989510489510489,0.6118881118881119,0.5180069930069929
7542af34-ccd7-43c8-8891-4b6fa8da361b,0.3304195804195803,0.5979020979020979,0.5176573426573425
982246d3-8002-460f-b105-edad4bc7923c,0.1783216783216783,0.6608391608391608,0.516083916083916
fed187d2-e757-4550-ad9b-c89b50cff6e9,0.7526223776223775,0.4125874125874126,0.514597902097902
f666cd7b-3a72-4d41-9826-04a93993a0eb,0.5673076923076923,0.48951048951048953,0.5128496503496504
232fac03-4f4a-44b8-8d6a-f3e63720070e,0.2928321678321678,0.6048951048951049,0.5112762237762237
8a8232da-71c2-4bd5-af09-fd0bd6c5f7d4,0.0664335664335664,0.6923076923076923,0.5045454545454545
75a65df9-fabf-4b74-88fd-0faac44c49df,0.791083916083916,0.3811188811188811,0.5041083916083915
e41f490a-e771-4f66-a04e-34c331c8479d,0.1022727272727272,0.6748251748251748,0.5030594405594405
3e92e357-340e-45c2-87d9-c72c22fe721d,0.4667832167832168,0.5174825174825175,0.5022727272727272
b5408a09-9b5b-4f14-aa6e-a7e843d45133,0.8234265734265734,0.36363636363636365,0.5015734265734265
74dd97d2-adb2-4135-b9be-c573fe70f98e,0.1783216783216783,0.6363636363636364,0.4989510489510489
e238f932-8f3a-4b92-8260-3c03b13fc3f8,0.9082167832167832,0.3111888111888112,0.4902972027972028
e4cb7e3c-558e-4269-84e3-641feb1f2ac6,0.923951048951049,0.3041958041958042,0.4901223776223776
69c1c02c-0fab-44c2-972e-15ad702530c2,0.3933566433566433,0.5314685314685315,0.49003496503496496
c4ee8267-d477-4f02-9bf2-249658d943b0,0.5052447552447552,0.4825174825174825,0.48933566433566433
afca1919-4317-4776-8002-3e74a7292482,0.7701048951048951,0.36713286713286714,0.4880244755244755
2eaaa119-778b-41e8-9fe7-87d4ef5aa3ab,0.4256993006993007,0.513986013986014,0.48749999999999993
a6a37fca-f71f-4693-9869-93764782618b,0.1783216783216783,0.6188811188811189,0.4867132867132867
50322a62-04f9-4c21-b288-c418258bd429,0.8138111888111887,0.34615384615384615,0.4864510489510489
49448f6a-729d-4021-aa54-b7d8e9a09ead,0.1783216783216783,0.6153846153846154,0.48426573426573427
9b8e5a97-556d-4997-9c6c-5f931b106a7e,0.8312937062937064,0.3321678321678322,0.48190559440559444
0398b2a8-898f-442e-9ee5-1a38abe49e72,0.4195804195804196,0.506993006993007,0.4807692307692307
d0cca2db-8aed-48fb-ab94-6d0347de3417,0.4501748251748252,0.493006993006993,0.48015734265734267
39a7711d-43d9-4d2e-bcfe-9fd9da76fec1,0.8653846153846154,0.3006993006993007,0.47010489510489506
93e19a59-0c1e-4918-ad91-32a2ee7c78da,0.7508741258741259,0.34965034965034963,0.47001748251748254
832db8f3-e2c4-4e37-be0e-f28f476d3fdd,0.8601398601398602,0.2972027972027972,0.4660839160839161
c083eedb-7878-4c66-bbf4-2a616d329111,0.8994755244755246,0.2762237762237762,0.4631993006993007
66dc2999-098a-4850-86ce-cb502ea501ba,0.5218531468531469,0.4370629370629371,0.4625
c0037211-9388-4b3d-b0d4-32a566801ffc,0.4353146853146853,0.46503496503496505,0.4561188811188811
e3e14d7a-80a2-45db-af76-49f45866c35a,0.3916083916083916,0.479020979020979,0.45279720279720276
dd2c2a85-6e25-4894-9e1e-ae605ba766be,0.2779720279720279,0.5209790209790209,0.448076923076923
8b737a27-ac41-4ac5-923a-70ecceda1c37,0.6608391608391608,0.3531468531468531,0.44545454545454544
6db5e7b2-fcc8-4159-b52e-64c1251d6d73,0.6145104895104896,0.3706293706293706,0.4437937062937063
4b025a99-1291-47f4-90b7-02789109a958,0.3155594405594406,0.4965034965034965,0.44222027972027966
ee582e50-1df3-4638-b69b-20911b833765,0.8846153846153846,0.2517482517482518,0.4416083916083916
1d690e34-bd16-42c1-ad98-f28dbbbfb2c5,0.6145104895104896,0.33916083916083917,0.42176573426573427
1b402eab-558f-4fdc-b05d-103bb8b65c0a,0.2307692307692307,0.5034965034965035,0.42167832167832164
f1bc8ca1-fe27-43d3-a7c9-ddc4d15b1322,0.7316433566433566,0.2867132867132867,0.42019230769230764
b197442c-de37-40d0-a026-b72070dec20c,0.4667832167832168,0.3986013986013986,0.41905594405594404
0920700d-cdac-4a90-b478-42e807d45d90,0.6241258741258742,0.32867132867132864,0.41730769230769227
cc0aa90a-3818-48b2-99a4-7c9d3e0ed938,0.1538461538461538,0.527972027972028,0.41573426573426575
0253c0fc-6866-46f4-8a0e-474134c46197,0.715034965034965,0.27972027972027974,0.4103146853146853
33bffab7-abc3-4f58-9152-a033d895bfe9,0.6162587412587412,0.3181818181818182,0.40760489510489506
2e1bab4e-114d-440c-bfa3-4cf4eb044e49,0.7211538461538463,0.2727272727272727,0.40725524475524477
5481e994-17bb-42e7-9043-18a854fb4016,0.4597902097902098,0.38461538461538464,0.40716783216783214
0b7d0261-f0d4-43f2-ac36-2f8b6d521f66,0.451048951048951,0.3881118881118881,0.406993006993007
7e0f2a42-5ef3-46d1-ab90-660de92c8f81,0.3111888111888111,0.44755244755244755,0.4066433566433566
84638e25-5da3-4348-8abe-3b9783e39f8b,0.6372377622377622,0.3076923076923077,0.4065559440559441
d8a1886d-3ae9-4d59-84a1-c7ae22ebf213,0.6678321678321678,0.2937062937062937,0.4059440559440559
80b7b941-c625-4fc8-ba50-2286d6e424f3,0.8548951048951049,0.2062937062937063,0.40087412587412585
7b20282a-8d28-492b-bab9-77781a80afe1,0.2674825174825174,0.44405594405594406,0.391083916083916
01b18f2a-b4cb-4d7b-9d17-0d2ecb09448b,0.2692307692307692,0.4405594405594406,0.38916083916083916
ef2b0398-7bf7-4ad3-8c4a-5a0469a90b12,0.791083916083916,0.21678321678321677,0.38907342657342653
ae0909bf-0cba-4c3e-bf87-c93af4300259,0.3024475524475524,0.4230769230769231,0.3868881118881119
c2f8d7cc-c114-40e6-ae65-38f38046c7cf,0.7211538461538463,0.24125874125874125,0.38522727272727275
21a637df-5ddc-41ae-b170-f31cccab9fb2,0.0323426573426573,0.5244755244755245,0.37683566433566434
f84151b2-5c7a-4256-a1f5-bbd35bb1ee95,0.1966783216783217,0.45104895104895104,0.37473776223776223
bd4b6cde-7cb7-46ca-973b-306192be2eb4,0.3758741258741258,0.3741258741258741,0.3746503496503496
bfe68e84-4c71-446e-8f4e-8d1c988453ae,0.2648601398601398,0.4160839160839161,0.37071678321678314
6a2f7f80-e4d2-4ae7-ae03-240823c29380,0.6210664335664335,0.24825174825174826,0.3600961538461538
a617de67-81d3-49dc-a3a5-e38dd0ea03fc,0.6844405594405594,0.21328671328671328,0.3546328671328671
f90760f0-ef21-4bca-96cf-926b35c46b78,0.6184440559440559,0.23776223776223776,0.3519667832167832
49174aca-98d6-45b4-aa04-9b9a062c3302,0.5402097902097902,0.26573426573426573,0.34807692307692306
e7b36e38-294f-4e63-837f-f49ca6784788,0.4798951048951049,0.2902097902097902,0.3471153846153846
3d9abe6b-48a1-4ea0-818b-1f5874e84a17,0.0524475524475524,0.47202797202797203,0.34615384615384615
661b81af-5205-493c-9ff8-f3dccd41e8c4,0.6048951048951049,0.22377622377622378,0.3381118881118881
bcb089c3-8be6-47aa-b110-ac77774393c8,0.6905594405594406,0.18181818181818182,0.33444055944055945
bc269162-ce3a-4f47-a097-96662bb71ca5,0.2718531468531469,0.36013986013986016,0.3336538461538462
5127a33f-433a-4497-a646-3436f1170dbe,0.7465034965034965,0.15034965034965034,0.32919580419580413
86692da1-644c-4a2a-833d-af7abb352f67,0.5463286713286714,0.23426573426573427,0.3278846153846154
7211fcef-ae73-47cd-9605-623c76e8fe74,0.3234265734265734,0.32517482517482516,0.3246503496503496
1055def4-b04e-4898-bf0f-38038e307546,0.0865384615384615,0.4195804195804196,0.3196678321678321
358ea049-8a37-482f-bc63-10ec94f57dad,0.7937062937062938,0.11538461538461539,0.31888111888111886
8cea746a-0154-47c3-a286-236d9582f5b7,0.4536713286713286,0.25874125874125875,0.31722027972027966
05487ff1-75b5-45e5-8132-2951973bbb0a,0.3916083916083916,0.28321678321678323,0.3157342657342657
a206c6f5-2f77-48e3-af0c-c70e2cfd7514,0.4222027972027972,0.2692307692307692,0.3151223776223776
d2f98003-aa4f-46c3-9528-dc961ac2cc72,0.8304195804195804,0.08391608391608392,0.30786713286713285
5191d081-0976-4a57-859e-2b3ea8741aab,0.2167832167832167,0.34265734265734266,0.30489510489510485
6d032b61-fbed-4b32-a4b9-3c4ca23e41e8,0.68006993006993,0.14335664335664336,0.3043706293706293
4dedce0e-8296-4406-ac35-31da01176568,0.7770979020979022,0.0979020979020979,0.3016608391608392
0577d97e-75ea-44be-90ca-51504e9d0d67,0.6302447552447552,0.16083916083916083,0.30166083916083913
f7b6f630-511b-4d7c-af93-bfca169489aa,0.7421328671328671,0.11188811188811189,0.30096153846153845
b9a52001-3b2b-43c9-840a-6c9ebf35459c,0.5358391608391608,0.1993006993006993,0.3002622377622377
b2ae99af-eafe-4a41-9f39-4f03a6bd2c64,0.5594405594405594,0.1853146853146853,0.29755244755244753
7a844051-0c83-47e1-966b-1411b35e114c,0.2316433566433566,0.32167832167832167,0.2946678321678321
32d33cd5-2c65-4cd5-a58b-819400b24def,0.8837412587412588,0.038461538461538464,0.29204545454545455
f4e279ff-cd73-4d86-aa10-a0b026ccd921,0.3627622377622377,0.25524475524475526,0.2875
e3b57178-b68e-4732-858e-fb9f04a70f02,0.0279720279720279,0.3951048951048951,0.2849650349650349
af8a7d60-4164-4708-b31d-aae047ec3b16,0.1162587412587412,0.35664335664335667,0.28452797202797203
0ac29342-e839-4571-b6c2-8bf9457b9add,0.5297202797202798,0.17832167832167833,0.2837412587412588
27267a5a-5357-4f57-8da0-520035ad56ea,0.6923076923076923,0.10839160839160839,0.2835664335664335
171cf3f6-28bd-4336-8a9a-1e2a1a2d5a7f,0.4667832167832168,0.20279720279720279,0.281993006993007
89020862-2f59-451e-9c43-26e9d500a1a1,0.1328671328671328,0.3356643356643357,0.2748251748251748
00464d75-9e7d-4554-8eb2-91c257777af4,0.7779720279720279,0.055944055944055944,0.2725524475524475
76c226b7-4deb-4c06-ab50-9d23a7fe6def,0.8854895104895105,0.0,0.26564685314685316
78560fa4-ea76-4567-aaa4-39bfd691350d,0.8846153846153846,0.0,0.2653846153846154
e9f40d17-134d-4efa-aa50-504561d869f3,0.3583916083916084,0.2202797202797203,0.2617132867132867
bef41ade-3fc4-4f01-b510-045fb7cd9535,0.2989510489510489,0.24475524475524477,0.261013986013986
361709dc-5fa3-4582-8a44-ebd7b6d1b237,0.7272727272727273,0.05944055944055944,0.2597902097902098
9a267f8a-3f23-44fe-99f6-4c28ba1cedd5,0.3828671328671328,0.1958041958041958,0.2519230769230769
40e12e6b-4cdb-4519-9642-9e43f13e4240,0.6722027972027972,0.06993006993006994,0.2506118881118881
6f0870da-b238-4231-bb2f-b42a272a8837,0.5113636363636364,0.13636363636363635,0.24886363636363634
afc75c8f-03ad-455b-b7d1-0d0630e46447,0.4554195804195804,0.15384615384615385,0.24431818181818182
410c2c7f-2df4-4e1d-bdc2-176efa431661,0.3924825174825174,0.17482517482517482,0.2401223776223776
b2579724-afab-4c0e-ad61-e172b7c36286,0.0638111888111888,0.3146853146853147,0.2394230769230769
41d5aa9c-f134-4aac-bf28-10c5286485d1,0.7954545454545454,0.0,0.23863636363636362
5e9860ce-2b85-48d1-a4f5-98e089c84d97,0.3942307692307692,0.15734265734265734,0.2284090909090909
7bf315ba-c777-40fb-8172-0c383cbbf4c5,0.2657342657342657,0.2097902097902098,0.22657342657342655
186d86ba-e273-4001-8cad-905f388ad232,0.5201048951048951,0.0944055944055944,0.2221153846153846
369b6019-7f89-4262-b5d3-506d98f11de9,0.625,0.04195804195804196,0.21687062937062937
5e616967-1518-43d5-9167-13728247689e,0.3304195804195804,0.16433566433566432,0.21416083916083914
0c25d107-fc82-4c38-803a-f76b4bab9881,0.1783216783216783,0.22727272727272727,0.2125874125874126
89592d8e-8935-4a2f-9d52-88907942082a,0.1643356643356643,0.23076923076923078,0.21083916083916082
ab559676-39cf-4c54-9356-4a74cfac2857,0.4152097902097902,0.11888111888111888,0.20777972027972025
24852aea-9d88-4250-a3ba-5dce7157c4c3,0.062062937062937,0.26223776223776224,0.20218531468531467
1f453a2f-92c2-4a32-91a3-fbf685033cfe,0.4291958041958041,0.10139860139860139,0.19973776223776218
6614a668-9a68-447a-9871-5c675c3fedca,0.6494755244755245,0.0,0.19484265734265735
133d2b79-b1e1-4331-9643-f858b9ccbc09,0.3356643356643356,0.13286713286713286,0.19370629370629366
e9b32177-4889-44cd-a947-6b462736a534,0.1993006993006993,0.1888111888111888,0.19195804195804195
492ddc33-6362-483f-94ef-39eb50ae0898,0.4597902097902098,0.06643356643356643,0.18444055944055943
2ab43094-6c2c-4652-8487-e928c9e0cb7d,0.562062937062937,0.02097902097902098,0.18330419580419577
04c97005-48f1-4076-95a1-5e63ddd4bf93,0.1993006993006993,0.17132867132867133,0.1797202797202797
b2c83e94-0fec-4f6c-ad4a-d8eb1108b404,0.145979020979021,0.19230769230769232,0.1784090909090909
7e8dbe88-5a45-4e8f-a7ff-9a91354f2a5b,0.2910839160839161,0.12937062937062938,0.17788461538461536
2ca5f79a-84aa-4093-87c3-d36d9dcd4e17,0.1993006993006993,0.16783216783216784,0.17727272727272725
120b6b56-e9e7-421d-9f10-2fba3b08d152,0.4615384615384615,0.05244755244755245,0.17517482517482516
55a4f77e-3010-4e83-b040-1a36934bfc35,0.3251748251748251,0.09090909090909091,0.16118881118881118
74421100-2ef9-4c4a-9312-0cb7cfb0e185,0.4458041958041958,0.03496503496503497,0.1582167832167832
8d5f1865-e9c7-4842-89ad-81ea8f16d3a9,0.4458041958041958,0.03146853146853147,0.15576923076923074
e6a594e2-1084-4a3d-a84f-ea896357f3c7,0.409965034965035,0.045454545454545456,0.1548076923076923
6967a453-1549-4d58-856e-475c894f8d82,0.4458041958041958,0.027972027972027972,0.1533216783216783
c2503fe2-b5e6-4313-a7a3-d94f277d6d0a,0.4458041958041958,0.024475524475524476,0.15087412587412585
032c252d-d83e-4fbf-8b3b-33a0d7ee7b52,0.291958041958042,0.07692307692307693,0.14143356643356644
d77b34a6-b5b5-44a2-837c-ebd45c330760,0.1993006993006993,0.1048951048951049,0.1332167832167832
b6e9eb3d-1c3e-4f09-9463-e94f5bc67c80,0.2342657342657342,0.08741258741258741,0.13146853146853144
70389c76-4172-47a0-9920-661a80c6ffc8,0.2639860139860139,0.07342657342657342,0.13059440559440558
a5708f53-edb4-4e32-82a7-c8f44df6b399,0.0734265734265734,0.13986013986013987,0.11993006993006992
1002a65f-aaea-484a-8d45-c030a3a3794a,0.3872377622377623,0.0,0.11617132867132868
139462e0-ac51-44e8-9f2d-861d2b5aee50,0.1993006993006993,0.08041958041958042,0.11608391608391608
1dc16d26-e4df-45b1-b4f6-a3817d68f265,0.041083916083916,0.14685314685314685,0.11512237762237759
4a7cbf29-9bb7-4145-b8c1-dcc95d9ab11f,0.0856643356643356,0.1258741258741259,0.11381118881118879
ef9d7b16-2e34-4622-9f04-5c3b569a097d,0.0568181818181818,0.12237762237762238,0.10270979020979021
b2c60e7b-8ad7-449a-acd4-61b8ef73e1c4,0.1529720279720279,0.06293706293706294,0.08994755244755243
63972501-2def-4136-9d0a-948dc6bd8978,0.0104895104895104,0.04895104895104895,0.037412587412587385
