ic_mean,ic_ir,sharpe_ratio,stress_ic_ir,id,score
0.011045787981176487,0.2045113468219628,1.5147292405159654,0.2721156454509414,a617de67-81d3-49dc-a3a5-e38dd0ea03fc,0.6844405594405594
0.03954323657026395,0.4349793253274147,3.1936844367555737,0.648769428337232,b9ce4179-1d54-4fb7-9013-af87a969d137,0.9265734265734267
0.027797493789325712,0.4056770203742106,3.0030909909913,0.4269829917162027,80b7b941-c625-4fc8-ba50-2286d6e424f3,0.8548951048951049
-0.0018673520284516014,-0.03194259702733076,-0.21252984729074292,-0.24074393373781694,ba958622-2bc0-473c-a016-e0c2c48d7798,0.2989510489510489
0.033881686799254095,0.5514181434350843,3.862573172532777,0.5316015677316908,8587f34f-b5b9-4038-a272-1e8819e6b2e1,0.9283216783216783
-0.0028567060272158026,-0.049532116720957343,-2.6270358103195552,-0.13595093363157762,04c97005-48f1-4076-95a1-5e63ddd4bf93,0.19930069930069932
-0.004997615560187305,-0.09482571159924952,-2.995533590049619,-0.29577677190857743,89020862-2f59-451e-9c43-26e9d500a1a1,0.13286713286713286
-0.0015169463762484485,-0.046987239606297054,-0.06946291471518055,-0.19778191448657859,729a2dd1-dd1b-4dfc-b02c-d13db2701bd5,0.3076923076923077
0.01926095819971894,0.29532943081278235,1.175147588798116,0.2706494345352996,1e2e1c94-77cf-46b2-8cd8-7e0056d8760e,0.7237762237762237
0.04917224577076802,0.586303701284775,1.4119002789622053,0.38560772822154027,78560fa4-ea76-4567-aaa4-39bfd691350d,0.8846153846153846
-0.006967799842002992,-0.12226966055544768,-1.6853672214552435,-0.1149733139272819,a6a37fca-f71f-4693-9869-93764782618b,0.1783216783216783
0.03218231534528089,0.5384308219698459,0.7492846315716071,0.3479677790347399,e6ae5961-75db-4616-bfb6-8753333f6e7e,0.8059440559440559
0.024355007443110418,0.47360288043231347,0.6369071568994165,0.21255396220525863,2e1bab4e-114d-440c-bfa3-4cf4eb044e49,0.7211538461538463
0.005915227303671365,0.12943627988905199,2.509483163319515,-0.08936918070555588,df2bfeda-c5ab-4900-a5dd-00302d34144a,0.5472027972027972
0.03432008501320226,0.3814484961821477,3.5874122814212126,0.36551857584126085,832db8f3-e2c4-4e37-be0e-f28f476d3fdd,0.8601398601398602
-0.015818183008587502,-0.27129490232431125,-1.6469932637051559,-0.01604944925035657,1474456c-e9c2-49ef-8ec9-4dec22189880,0.1590909090909091
0.007404778891928046,0.17832735613175807,-1.176918270875856,0.4666516888721122,d5f23932-a55b-495f-8f5d-f304760076da,0.5655594405594406
0.0024790047523035224,0.07738904144920741,-0.5076167924849315,0.28561402775262523,e7b36e38-294f-4e63-837f-f49ca6784788,0.4798951048951049
-0.00683439971233025,-0.09826834594146698,-1.3848865658468779,0.0509388293648732,c1d07677-7f99-4cdb-84d2-c06e7223b567,0.2395104895104895
-0.0017888430495788463,-0.05142212664116978,-2.304918973097738,-0.024146573038994836,b6e9eb3d-1c3e-4f09-9463-e94f5bc67c80,0.23426573426573427
0.03551529815151996,0.4894962835198021,0.43190261949027564,0.14126285498990074,361709dc-5fa3-4582-8a44-ebd7b6d1b237,0.7272727272727273
0.021857717236964933,0.3613481285294456,2.846257908450939,0.4590650153621144,9b8e5a97-556d-4997-9c6c-5f931b106a7e,0.8312937062937064
0.026361418006957467,0.4908586594192007,4.238949666443688,0.5094619875408155,c083eedb-7878-4c66-bbf4-2a616d329111,0.8994755244755246
-0.006967799842002992,-0.12226966055544768,-1.6853672214552435,-0.1149733139272819,49448f6a-729d-4021-aa54-b7d8e9a09ead,0.1783216783216783
-0.022180240315944413,-0.49579459972499146,-4.11121329092566,-0.42629898779684183,e3b57178-b68e-4732-858e-fb9f04a70f02,0.027972027972027972
0.019166481554034834,0.3354420200773121,0.4429202899853545,0.5961366823070032,fed187d2-e757-4550-ad9b-c89b50cff6e9,0.7526223776223775
-0.007546847409779482,-0.13798722964286386,-3.2896844943417594,-0.17902077202188085,54ef7659-3c2d-4772-a23f-7ffaa5ecf79d,0.11276223776223776
-0.0021644002533962453,-0.050106474156373454,-0.15150148793201654,-0.33691250277311796,77888c07-ad44-406e-829b-c34182f5eb47,0.270979020979021
0.04947471415777024,0.5929756657698863,1.3306379723316029,0.3688081154408354,efd1512e-2c8c-436c-a0dc-5a381a6a3985,0.8767482517482518
-0.004178278953257749,-0.11032096251410871,-0.389975162019413,-0.11101778277054776,7b20282a-8d28-492b-bab9-77781a80afe1,0.26748251748251745
0.008984996443186203,0.12600003297576887,-1.2559630681313776,-0.03950727564835644,1bb8e50f-ff51-4620-bbdc-5a18f5f48284,0.3994755244755245
0.031202301401375504,0.40161306914589395,-2.177117873586648,0.08834473715669129,b2ae99af-eafe-4a41-9f39-4f03a6bd2c64,0.5594405594405594
0.011867039778976516,0.26549567754454556,-1.245196551277979,-0.09012159538832398,83f434e8-c106-4974-b1d3-7667817006c3,0.46765734265734266
0.010436108118454229,0.2329485185666552,0.18722899568440868,0.27157265260716607,cc896896-cc9c-4bce-afcc-c5b1f1114af9,0.6223776223776224
0.01595264113392401,0.22643287332105067,1.061137085223961,0.4559148779636506,f1bc8ca1-fe27-43d3-a7c9-ddc4d15b1322,0.7316433566433566
0.032913408498487076,0.5388544779661262,2.3027731672925706,0.7110407869011711,19a20ed4-7b82-4937-8cc7-b835037656c6,0.9213286713286714
0.019386611586287673,0.37796966330490034,1.1787166095203636,0.5269308051593129,212693dc-2179-49fe-9774-c3913275b0b1,0.791083916083916
-0.0017039732884868482,-0.040048800097930076,1.1016071648946932,-0.03579800932780848,05487ff1-75b5-45e5-8132-2951973bbb0a,0.39160839160839167
-0.0056171183734511,-0.1976585668778109,-2.365194571121526,-0.24942903676373143,9d9f9206-df63-44a1-b757-35afd97fd4fe,0.1284965034965035
-0.0028567060272158026,-0.049532116720957343,-2.6270358103195552,-0.13595093363157762,d77b34a6-b5b5-44a2-837c-ebd45c330760,0.19930069930069932
0.003699119165901594,0.053137125930739576,-0.8674153245391466,0.253312842250909,09e1b5d9-9539-4c37-b931-3490cb6a3ef7,0.4501748251748252
0.0256822068516259,0.4706674283447695,2.3816467944239053,0.21732559750842445,b9f9589b-efac-4b48-a109-defe1a554542,0.7980769230769231
-0.015818183008587502,-0.27129490232431125,-1.6469932637051559,-0.01604944925035657,49e7bf39-ddef-4bc9-a636-2757b5933c34,0.1590909090909091
-0.004377264279946339,-0.1455177320711863,-1.1858994569833947,-0.35221977079297284,89592d8e-8935-4a2f-9d52-88907942082a,0.16433566433566432
0.0038857447059705125,0.10358111621924462,-0.215000860322659,0.13361859886569202,c0cc6ffe-5405-4b14-8fcf-f1c4bb741cca,0.47377622377622375
0.031550473440575114,0.5016212694168402,1.5020113641937867,0.36508639814317156,683e033a-6822-4802-9f74-edfcc6f9299a,0.8365384615384616
0.010789308940197926,0.17830044417310412,-2.24389682592755,0.13803104438604877,492ddc33-6362-483f-94ef-39eb50ae0898,0.4597902097902098
0.0335270845947759,0.40094984700704156,0.7863117477755475,0.1876090269579764,1f5c6c6f-6c9e-4293-9c6e-1e8ec7f42375,0.7272727272727273
0.010189275867271,0.1689918682961911,-2.0532653117725657,0.12147197226860532,6967a453-1549-4d58-856e-475c894f8d82,0.44580419580419584
0.0028138208627979944,0.041424180803892846,0.9601963884161108,-0.2769597699548677,1002a65f-aaea-484a-8d45-c030a3a3794a,0.3872377622377623
0.03575196175623616,0.43712670328808095,0.24678667041067062,0.3199213582206943,afca1919-4317-4776-8002-3e74a7292482,0.7701048951048951
0.04757196843043836,0.7335737777148488,1.540519486066591,0.46451543605242757,922d0f86-97da-45e5-a3cc-08d1102b6845,0.9082167832167833
0.011174787924898608,0.19502319578302185,0.05379969495601657,0.3069531114512716,369b6019-7f89-4262-b5d3-506d98f11de9,0.625
0.03509527413733112,0.41583253214488025,2.2290937704720846,0.2937498801719056,b3344f28-5414-4c7a-bd00-74e270d41dc3,0.833916083916084
0.011555383774518731,0.21089559202877056,1.4134864910318032,0.04258825792187475,3387ac10-7dcb-4182-8dcc-a9da7e896075,0.6031468531468531
-0.006507419674171998,-0.16366480979046785,-6.189861454736688,-0.599055692983375,b2579724-afab-4c0e-ad61-e172b7c36286,0.06381118881118882
0.03500801927864008,0.5092526351944948,1.667414439114971,0.5423402692433874,23bc8a6e-c64b-4e5f-af3b-6830ab6e2565,0.8933566433566433
0.04757196843043836,0.7335737777148488,1.540519486066591,0.46451543605242757,4847bf64-d72c-46be-b889-1435c970a559,0.9082167832167833
-0.004068773861503945,-0.10507515713844601,-1.1952496136169375,0.06253402130972624,c8c6e56a-5910-4ab2-a5ac-45bc3f3d8669,0.26223776223776224
0.003699119165901594,0.053137125930739576,-0.8674153245391466,0.253312842250909,cac9763c-5f11-4ee3-b64e-e46244d40356,0.4501748251748252
-0.008727567283230047,-0.09992634948741348,-1.1686269833119973,0.026127234337988935,1b402eab-558f-4fdc-b05d-103bb8b65c0a,0.23076923076923078
0.02252802386524424,0.67054832912817,6.822136629080013,0.7442265823173879,70f50736-5f62-4a34-81be-6d203a0581de,0.9379370629370629
-0.005986531292248291,-0.11481541934376525,-1.7621332953466786,-0.38919250827690316,884dde43-8d0d-48a8-8763-c41771105d78,0.13723776223776224
0.020380464216267668,0.40038355513039836,4.60353730203229,0.3003152756948596,50322a62-04f9-4c21-b288-c418258bd429,0.8138111888111887
-0.015818183008587502,-0.27129490232431125,-1.6469932637051559,-0.01604944925035657,233e577f-3085-4fc8-8e76-e4e5442e97b1,0.1590909090909091
0.009001303156868413,0.19899760571313613,2.2201422045216987,0.5352167541845988,47aac9ce-9ea0-461a-8ddb-2e3b7066b515,0.7412587412587412
0.0034989089109700626,0.05119751720554675,0.9841700239241584,-0.2662900765482273,e67d6106-1edc-425d-9317-23c99e7847fe,0.3994755244755245
-0.02596643520286801,-0.4997810932484017,-1.319188375366467,-0.1889947911958404,af8a7d60-4164-4708-b31d-aae047ec3b16,0.11625874125874126
-0.015818183008587502,-0.27129490232431125,-1.6469932637051559,-0.01604944925035657,4ec02a39-de56-4aa7-8c19-b195f212b3cd,0.1590909090909091
-0.002600351485120815,-0.0734148472854595,-1.5661279545657674,-0.2183874238462355,d4492fff-3c92-4b33-ab28-5f45c9758d43,0.21328671328671328
-0.005101478911877493,-0.06783920360230848,-2.533153087703221,-0.29542412828063186,b2c60e7b-8ad7-449a-acd4-61b8ef73e1c4,0.15297202797202797
0.005840833708488903,0.13479875954998216,1.6634783721191064,0.0986288429098934,f666cd7b-3a72-4d41-9826-04a93993a0eb,0.5673076923076923
0.0032671819426082125,0.0843068874354174,0.0901996195923334,0.3734079623926307,b9a52001-3b2b-43c9-840a-6c9ebf35459c,0.5358391608391608
0.002441229358625073,0.08102354713480157,-2.127914288605087,-0.18165436072180846,dd2c2a85-6e25-4894-9e1e-ae605ba766be,0.27797202797202797
-0.003876919788598,-0.13862269865888677,-1.9254015872257,0.0946913938070135,5f90b118-8274-4db8-8862-39ca9e1cca8e,0.23339160839160839
0.031766017238013436,0.5259804563536916,0.6851814677336706,0.3266912525438904,41d5aa9c-f134-4aac-bf28-10c5286485d1,0.7954545454545454
0.013933532754755323,0.2613299140693964,2.2616834486255386,0.47559545920740337,4dedce0e-8296-4406-ac35-31da01176568,0.7770979020979022
-0.0023250447764965303,-0.07400605319111855,0.8515686555619251,0.11299724591484037,69c1c02c-0fab-44c2-972e-15ad702530c2,0.39335664335664333
0.010189275867271,0.1689918682961911,-2.0532653117725657,0.12147197226860532,74421100-2ef9-4c4a-9312-0cb7cfb0e185,0.44580419580419584
-0.015561041551220622,-0.2672056033275488,-3.9929346894818427,-0.3581092322113258,ef9d7b16-2e34-4622-9f04-5c3b569a097d,0.05681818181818182
0.010226112076730121,0.2568001000737924,-0.1365381658855129,0.6417568230784971,6d032b61-fbed-4b32-a4b9-3c4ca23e41e8,0.68006993006993
0.012034508862569824,0.2654698094546258,-1.0615613174621947,-0.1294872425467572,097479bc-7fb6-4b2e-b6d0-4dc7fe334fb9,0.4702797202797203
-0.00602408216053768,-0.12823427471920268,-0.010732213599516281,-0.39174665056916835,1951f1f4-066b-4d33-9b77-36dc080168db,0.20979020979020976
0.014514222800423592,0.25920786515438604,0.4792047562041972,-0.08373012407666508,286783bf-9f29-4918-b951-56878335a9d2,0.5559440559440559
-0.0005928182991349858,-0.008881885677190877,0.1497264161600026,-0.030754558838909683,e9f40d17-134d-4efa-aa50-504561d869f3,0.3583916083916084
-0.0028567060272158026,-0.049532116720957343,-2.6270358103195552,-0.13595093363157762,e9b32177-4889-44cd-a947-6b462736a534,0.19930069930069932
-0.003581632480563168,-0.06280772598323364,-0.29694719878494064,0.07603196217513049,5e616967-1518-43d5-9167-13728247689e,0.3304195804195804
0.013501693347067486,0.28994034183885103,4.260280190109611,0.2536866714057449,1cc0328f-f627-49ec-b7d1-44f9ee1cf8e9,0.7578671328671329
0.04757196843043836,0.7335737777148488,1.540519486066591,0.46451543605242757,e238f932-8f3a-4b92-8260-3c03b13fc3f8,0.9082167832167833
0.01662380631051019,0.35493949484525383,0.5483434646321182,0.08098533653544096,f90760f0-ef21-4bca-96cf-926b35c46b78,0.6184440559440559
0.011565566105785584,0.19632691836783805,0.48329818133902164,0.30943593272631076,6614a668-9a68-447a-9871-5c675c3fedca,0.6494755244755245
-0.002162204953748188,-0.028374853056377065,-0.9151005335449064,-0.15543960619383718,7bf315ba-c777-40fb-8172-0c383cbbf4c5,0.26573426573426573
0.009190927729742754,0.1625186820450689,-2.6944505617491172,-0.11753805135125953,7d3995b7-407a-40ad-a50a-993872eab98c,0.35664335664335667
0.04827965525562566,0.5763677505152579,1.5164032031515586,0.37545979038904026,32d33cd5-2c65-4cd5-a58b-819400b24def,0.8837412587412588
0.04797776254704744,0.566495618414711,1.7736637597522618,0.36178062362821384,12fc3b99-8d31-47fb-9105-24df6b301d77,0.8828671328671328
-0.0015177932853121454,-0.025875315798223615,-0.8824860901006161,0.08610612873420505,133d2b79-b1e1-4331-9643-f858b9ccbc09,0.3356643356643356
-0.0028567060272158026,-0.049532116720957343,-2.6270358103195552,-0.13595093363157762,2ca5f79a-84aa-4093-87c3-d36d9dcd4e17,0.19930069930069932
0.0024752290621334904,0.05871750546826858,0.2485901970801843,0.04428049139002155,1309b945-9e5d-45e1-b660-ab7fcdff01db,0.4230769230769231
0.003699119165901594,0.053137125930739576,-0.8674153245391466,0.253312842250909,d0cca2db-8aed-48fb-ab94-6d0347de3417,0.4501748251748252
-0.011704455021846917,-0.22597923469059333,-2.902779913665783,-0.6817852269903372,26ae2fa3-d56d-45e9-b980-6995c7e48a15,0.05769230769230769
0.0034252461651913388,0.10210323203095509,-0.5153342117946743,-0.03122429271714217,0dd5148c-579b-4cc2-b934-06c6eec594c6,0.3881118881118881
0.021717682679391098,0.3871613969546023,-0.357357252999541,0.16313826754646343,c3a729a8-df2e-470f-af52-528e37c0698b,0.6372377622377622
0.03687185739204586,0.40440107119858854,1.6174152768948362,0.318983041154408,3bc4197d-9f3e-4d77-815a-ebd0a672222a,0.8269230769230769
0.03126955091495732,0.4560557382213017,3.4168195496667573,0.4558208562644798,ee582e50-1df3-4638-b69b-20911b833765,0.8846153846153846
0.012853639040009449,0.2550185074165912,1.929565424588986,0.4795751467616559,7460cdc2-f9c7-4551-9a93-5a61ec073d24,0.7631118881118881
0.004756459072695596,0.16418812775096253,-0.9121570968631694,0.26501379174037726,b2958245-7f45-41d1-b629-b92929e0cc51,0.506993006993007
-0.001969473868673843,-0.04564386067177306,-0.7417469591558966,0.018073692645949824,4b025a99-1291-47f4-90b7-02789109a958,0.3155594405594406
0.029461023804690116,0.6842966500538602,1.6020355564473983,0.5091193694305158,1aae18ac-cd7f-4c87-826c-ef497ee80dcf,0.8881118881118881
0.04735649144796897,0.6428063906574415,1.591529981522824,0.2471754204150241,33e86025-5eb3-413e-8790-fb59c807e273,0.840034965034965
-0.006534338651563834,-0.133896033780503,-2.7199665423146446,-0.13607689555238986,4b5cff0b-6931-44f5-a404-2689a32307c2,0.1346153846153846
0.011025207824493857,0.1985408930571655,0.11285182390368648,0.31736249547780154,0577d97e-75ea-44be-90ca-51504e9d0d67,0.6302447552447552
0.00929594212221772,0.2292730859395961,-1.7181746816198888,0.0795686205991022,0b7d0261-f0d4-43f2-ac36-2f8b6d521f66,0.45104895104895104
0.0023581765290802753,0.051209128576672334,-1.1344926841318714,-0.21690638518323996,232fac03-4f4a-44b8-8d6a-f3e63720070e,0.29283216783216787
0.011960251549756452,0.1743538833561368,0.36986225509997894,0.24307437776114021,661b81af-5205-493c-9ff8-f3dccd41e8c4,0.6048951048951049
-0.007530209450758799,-0.1156614250450575,1.3615199131169933,-0.33984695197706394,c4393725-ba34-4824-87e7-bfd2bcb639f7,0.2770979020979021
0.015738058004573945,0.15819156465764897,1.0001328455939151,0.020527657497637828,e5394c42-0600-4424-9045-0a63713b84c6,0.5751748251748252
0.03246965910809209,0.49480077713281007,5.543658058394534,0.44989511065637444,7bae192e-3dcf-4a4d-bbfc-70815914517f,0.9073426573426573
0.00111736887603284,0.02570947001154436,-2.0970483487799827,-0.45732207159400984,3c964f1f-a1f9-4743-a2b7-7e6083c3c0dd,0.21153846153846154
0.024299570408887843,0.4202519414221395,2.3635414308711593,0.6216232859500419,2a8a9371-6082-479e-a31f-4cced975980a,0.868881118881119
-0.015818183008587502,-0.27129490232431125,-1.6469932637051559,-0.01604944925035657,f51e3a19-09b8-4f44-b7c3-6f3eb2b1e597,0.1590909090909091
0.028236389708242226,0.5722035487969759,-1.4290820006104938,0.18387511163870898,44dc29fc-b54d-45f9-9cf3-864fe3aab305,0.6477272727272727
0.01711747137606205,0.4244076638053332,0.6677157275295145,0.3874844942291671,8db4019b-8383-422c-89f0-13c47797fc28,0.7508741258741259
0.005440052304985043,0.15442510297767434,-2.009830091416999,0.19564863091156834,97cf745a-d574-49dc-a4ec-302116fd8265,0.4370629370629371
-0.014148967243918103,-0.15479650421402358,0.9699851783633575,-0.15775849766654154,bfe68e84-4c71-446e-8f4e-8d1c988453ae,0.26486013986013984
0.03588565493586904,0.6028953930066276,1.8019374839686302,0.6204808506793795,34fb09c9-d8bf-4eee-9e23-e8f46a70e8ee,0.9195804195804195
0.004349470033786252,0.11836485775234931,-0.6667729508000007,0.43140504581750505,86692da1-644c-4a2a-833d-af7abb352f67,0.5463286713286714
0.028743757468572273,0.4381875756158273,2.0108400577138914,0.4909613355919197,39606f73-dabb-4137-a3e5-394d1ff01d9a,0.8618881118881119
0.003699119165901594,0.053137125930739576,-0.8674153245391466,0.253312842250909,0698c01f-6a8b-4969-b3f9-965745be9078,0.4501748251748252
0.016624510279784246,0.3549579059399489,0.5483434646321182,0.08100227444994107,6a2f7f80-e4d2-4ae7-ae03-240823c29380,0.6210664335664335
0.009749638284146546,0.19525166096545882,-1.4969149051065844,0.3937811851899233,2ab43094-6c2c-4652-8487-e928c9e0cb7d,0.562062937062937
0.039366439455548144,0.7162640226878201,8.126243411637915,0.923785553785819,4bcd0f17-a81c-4d54-bb2d-003a063b2ed8,0.9842657342657343
0.003699119165901594,0.053137125930739576,-0.8674153245391466,0.253312842250909,cfb5ad03-d16a-4ec7-8ffd-3b92d23a9054,0.4501748251748252
0.0037641753771011656,0.06559020587912061,0.36358073253031464,-0.22252995956050317,5e9860ce-2b85-48d1-a4f5-98e089c84d97,0.3942307692307692
0.03343821773685779,0.4887264361496913,4.682542318724013,0.5411054217759913,f5a1b7e2-d66a-4fc9-9dd3-bc516fe5b54d,0.923951048951049
0.0008301960033074655,0.023539443357481902,-0.48742213895830855,0.006212292170158008,7e600007-2ca7-42f1-988e-14deb07659ac,0.3522727272727273
0.010850467436762833,0.17921284954537275,-2.348078715738568,0.1389520456477219,120b6b56-e9e7-421d-9f10-2fba3b08d152,0.46153846153846156
0.00374307063046094,0.11872600148047899,-1.512292522202119,0.26665281492603116,10180682-adb6-4432-b4aa-444fbda6a55b,0.4606643356643357
0.0017144594595268972,0.024824705909288185,-0.7286068577440011,-0.13305194464480002,55a4f77e-3010-4e83-b040-1a36934bfc35,0.32517482517482516
-0.005630763138334096,-0.07277078911890421,-2.2751418929228446,-0.29829247417406324,cc0aa90a-3818-48b2-99a4-7c9d3e0ed938,0.15384615384615385
0.04695356325129989,0.654139840833288,2.246208205455102,0.48401163599436464,e4cb7e3c-558e-4269-84e3-641feb1f2ac6,0.923951048951049
0.007534362863082641,0.15712084764072798,0.8822151536130075,-0.2678560743953914,b197442c-de37-40d0-a026-b72070dec20c,0.4667832167832168
-0.02991760977416561,-0.5660641836839818,-5.4231622931887085,-0.8657782022363079,63972501-2def-4136-9d0a-948dc6bd8978,0.01048951048951049
0.027156725299002687,0.39912270356719654,3.192774489236761,0.15999223862271467,56074bfc-ce6e-4988-989a-905ee00140c7,0.7744755244755245
0.023301872269107314,0.43249461086775415,4.795115576090136,0.29430384645489,13e67e69-e58e-447d-bce9-c8e58a4a43b2,0.8347902097902098
0.005618230820378453,0.1261041436449018,1.4145115280250782,0.05186436332197425,dadb86f5-b3a2-4898-880a-23d2422a4970,0.5428321678321678
0.010404859980265215,0.1947754802747126,-0.2483391657298115,0.35251512854737327,6db5e7b2-fcc8-4159-b52e-64c1251d6d73,0.6145104895104896
0.007534362863082641,0.15712084764072798,0.8822151536130075,-0.2678560743953914,e8442556-bed5-4d11-a1e9-151c54e1838b,0.4667832167832168
0.021800214257076782,0.3052930188645106,2.1184583556712835,0.21556809861223009,f7b6f630-511b-4d7c-af93-bfca169489aa,0.7421328671328671
0.03185122573748554,0.43262758351609715,0.3088532957300527,0.08404951686528438,5967a332-484d-4815-8ed3-d32ff8f95117,0.6765734265734267
0.02555123964948126,0.4496993991246156,-0.8400849416682972,0.06773902476890802,7de11a45-8b4a-4048-8232-14692651353b,0.6153846153846154
0.019386611586287673,0.37796966330490034,1.1787166095203636,0.5269308051593129,ef2b0398-7bf7-4ad3-8c4a-5a0469a90b12,0.791083916083916
0.023232363199463625,0.4149120752569352,2.695597125371892,0.34364347555106395,b5408a09-9b5b-4f14-aa6e-a7e843d45133,0.8234265734265734
-0.00026833287001647394,-0.003597546479175085,-2.8245427176123417,0.27245713889533923,280c2936-c027-4513-8ab6-3511c0a61ac2,0.34615384615384615
0.007534362863082641,0.15712084764072798,0.8822151536130075,-0.2678560743953914,3e92e357-340e-45c2-87d9-c72c22fe721d,0.4667832167832168
0.014048115887043328,0.3577787385282062,0.4796080289325055,0.09273403362685201,c45abc14-cb94-42de-88bd-17842d43b7f2,0.6153846153846153
0.010843988341464935,0.29039824942891446,0.6110917932430608,0.5495879708815554,f9557137-c372-4ec5-a938-007cd3a713dc,0.7202797202797203
0.025881429142062495,0.37966670864973634,3.884941564911279,0.5413992114633882,906a9c79-421d-44ed-9919-2f3b1dbca9e2,0.8741258741258742
0.029204695227063225,0.4394348097189732,1.8617567888072717,0.10288930977857424,93e19a59-0c1e-4918-ad91-32a2ee7c78da,0.7508741258741259
0.02683027545064891,0.4276613764778534,-0.5514692345131844,0.3751329084539744,c13962ca-be36-4a5f-82f7-ca10170e867c,0.722027972027972
0.006773543122183423,0.18014690591603522,1.7597596514326794,0.3852606066900496,6fe8c687-44d1-4c62-b691-a936faa39b06,0.6861888111888113
0.003699119165901594,0.053137125930739576,-0.8674153245391466,0.253312842250909,c2c6d707-6990-4269-b8b2-8ce007f9abf9,0.4501748251748252
0.032249893747816685,0.4050705369867135,1.1619535129031924,0.3437839451540896,ab35dfb7-35b7-4c7a-9d90-4eb41e5cb92b,0.7998251748251749
-0.0014428699413263357,-0.031850932047128126,-0.31970980890618483,-0.5772161304983645,70389c76-4172-47a0-9920-661a80c6ffc8,0.26398601398601396
0.001859378310394598,0.03727285781298157,-0.6632659201524155,-0.13445977038154533,7542af34-ccd7-43c8-8891-4b6fa8da361b,0.33041958041958036
-0.00892296548842093,-0.12414073490858644,-1.7929542120434834,0.14687983292189402,7a844051-0c83-47e1-966b-1411b35e114c,0.23164335664335667
0.04808645158033208,0.578509981560526,1.5567498743654684,0.374296815614843,76c226b7-4deb-4c06-ab50-9d23a7fe6def,0.8854895104895105
-0.00037180060324545775,-0.006401116548849678,0.8798886855656318,0.16384001069634416,afc75c8f-03ad-455b-b7d1-0d0630e46447,0.45541958041958047
0.024786678547421403,0.31470249472063255,-0.21952263749545053,0.3016851305713503,2f711bb0-10f4-4a31-8894-bd495abe63bb,0.6896853146853147
0.04860728254709663,0.6895813046490596,3.3084266362696795,0.5743888529163411,d079b56e-4679-4895-b55c-5b961b91daef,0.9667832167832168
-0.04065126964869842,-0.48526640661808224,-2.176150545396428,-0.3533295271587763,24852aea-9d88-4250-a3ba-5dce7157c4c3,0.06206293706293707
-0.009424308311967267,-0.17831449187209952,-0.0710461858494313,-0.30356812777644504,f84151b2-5c7a-4256-a1f5-bbd35bb1ee95,0.1966783216783217
-0.03060186153770773,-0.45369089635663684,-0.898313392492671,-0.3985603896775976,e41f490a-e771-4f66-a04e-34c331c8479d,0.10227272727272728
0.047541415360998984,0.6586868707240924,1.3497275067798067,0.24405593435780323,d2f98003-aa4f-46c3-9528-dc961ac2cc72,0.8304195804195804
-0.013402513235344773,-0.10883042710947623,-0.6285143636950073,0.16860608424572082,ae0909bf-0cba-4c3e-bf87-c93af4300259,0.30244755244755245
-0.0048622277365925875,-0.09003811547812349,-2.0912054863416647,-0.18787647217957062,0c25d107-fc82-4c38-803a-f76b4bab9881,0.17832167832167833
0.004415282031518072,0.09998558538794806,-0.30756843828087577,0.152370965319897,ea32fb65-d5a2-4d46-824b-7be513a3989e,0.4798951048951049
0.0027107254633228135,0.05895648335820417,-1.1314167030568618,-0.019051321100853294,ef16de92-92f5-4a39-b3cb-a33a5bd6ba64,0.34353146853146854
0.014207221405080708,0.3314682994004812,2.206300917681368,0.7546279334250868,8b03500e-2055-461e-8623-a08f17010f1a,0.8199300699300699
-0.006663746316924376,-0.11970118948072327,-0.9387058659504933,0.12735394148155463,bc269162-ce3a-4f47-a097-96662bb71ca5,0.2718531468531469
0.017029393304609154,0.17031454377980787,1.9727518351252267,0.13398920796779992,8709555c-d9a9-472f-ae7e-ddc66e6ec537,0.6634615384615384
0.0038170139168743275,0.09247388679537367,0.6984025122198672,-0.07770932574433913,af88a4bf-59a4-4c64-acb6-c6f9c98c0f79,0.45192307692307687
-0.0017871178927185434,-0.036434546739011045,-0.832410071411408,-0.303336782189368,ceaed1fb-8366-446d-88ad-4d26987db8a9,0.2596153846153846
0.003913104267799791,0.08653692195905122,-0.9539723322002793,0.12220731498474818,0398b2a8-898f-442e-9ee5-1a38abe49e72,0.4195804195804196
0.001499774552143339,0.040620359845886196,-1.0449804367728361,-0.20592113970961096,5718ea8c-9223-4d16-af19-341d12c55777,0.28846153846153844
0.014710980523105441,0.2674578729474923,-0.36693838924590017,0.26290906934679525,9281d3dd-af83-4780-af64-938d0fe0ba6d,0.6284965034965035
0.007905859559888257,0.12461705043076866,0.8612354377774573,0.1137272994403928,dcb163c8-0588-4acd-9e26-0db8348fb6d5,0.5367132867132867
-0.010955933541225513,-0.2492445362938161,-3.263530512443722,-0.3682857498921671,f8647449-d5bf-4b05-89a0-e4a81107aba6,0.06905594405594406
0.00102837330845571,0.019697078543193306,-0.06639367144514298,0.2129166529735559,c0037211-9388-4b3d-b0d4-32a566801ffc,0.4353146853146853
0.003699119165901594,0.053137125930739576,-0.8674153245391466,0.253312842250909,748898ff-c184-460e-ac7b-81e01945fa74,0.4501748251748252
-0.015338464985873396,-0.23675803768669756,-2.435578570509169,-0.5480532087007642,9dc0257c-20da-4c88-9171-494005824e2e,0.06643356643356643
-0.00242521896519855,-0.08456655611708211,-0.42926488861095335,0.24049407128773234,bd4b6cde-7cb7-46ca-973b-306192be2eb4,0.37587412587412583
0.004822347433656044,0.07370884203898062,-0.889551955998475,0.11433412799381179,a206c6f5-2f77-48e3-af0c-c70e2cfd7514,0.4222027972027972
-0.003277414751316355,-0.04724922388075565,-0.7410835730121783,-0.013772177932308234,bef41ade-3fc4-4f01-b510-045fb7cd9535,0.29895104895104896
-0.0031965690849945134,-0.09262541545806292,-3.9872618965827007,-0.49495914031963273,9cb760fb-7f1a-4095-9709-6b027b095773,0.11800699300699301
-0.01625177196208761,-0.32222536311409644,-3.828509587128765,-0.5301860529872039,21a637df-5ddc-41ae-b170-f31cccab9fb2,0.032342657342657344
9.287299945427638e-05,0.0027207617820516,-1.271171187922588,0.20454460179821973,6f28f317-f190-4c2d-8a13-ef086e22bbe4,0.3645104895104895
0.027231124478166946,0.35544943937189244,-0.4132850160400908,0.26972248892362966,73b6afad-568e-4f6d-8677-c815b22f8899,0.6818181818181819
0.010404859980265215,0.1947754802747126,-0.2483391657298115,0.35251512854737327,1d690e34-bd16-42c1-ad98-f28dbbbfb2c5,0.6145104895104896
-0.006434000449802383,-0.07881964644892733,1.2988053668048387,0.02564634291553523,f4e279ff-cd73-4d86-aa10-a0b026ccd921,0.36276223776223776
0.01192593976653238,0.276719575526479,3.7910125006458926,0.45314408741870904,a9fb3f57-a875-4684-b099-5c00e674b708,0.7893356643356644
-0.025226639395587124,-0.592829455542611,-6.060079354890992,-0.9218736145021066,da35c6ee-0a91-4cec-9cf5-471d31d83288,0.011363636363636364
-0.003958196709040706,-0.09410101326056892,-1.6432976743420629,0.11039265980852413,01b18f2a-b4cb-4d7b-9d17-0d2ecb09448b,0.2692307692307692
0.036817073441976864,0.6412780925308422,0.48192717812752695,0.6399582580192251,39a7711d-43d9-4d2e-bcfe-9fd9da76fec1,0.8653846153846154
0.007534362863082641,0.15712084764072798,0.8822151536130075,-0.2678560743953914,171cf3f6-28bd-4336-8a9a-1e2a1a2d5a7f,0.4667832167832168
0.0004742781173713207,0.01010258725154067,-0.35342438060163267,-0.14006048447087702,7211fcef-ae73-47cd-9605-623c76e8fe74,0.32342657342657344
0.04579328663496233,0.5514247503770882,0.4374279957938243,0.30825225817438623,747f809b-b0da-40c7-ad34-65a279a6e4ae,0.8006993006993006
0.0021428353954816405,0.034398842119828146,-0.7326181975564651,0.1263754231736431,410c2c7f-2df4-4e1d-bdc2-176efa431661,0.39248251748251745
0.014844263827533972,0.26374664206834225,0.6663049430403644,0.3436675015896449,27267a5a-5357-4f57-8da0-520035ad56ea,0.6923076923076923
0.021837669937914146,0.5625266538834913,6.237862482761155,0.6099603285665544,13a4da26-616b-4cca-bc20-c7081f0abc85,0.9152097902097902
-0.004099449611968693,-0.07925790776050938,1.0095385490561934,0.14276063079857082,e6a594e2-1084-4a3d-a84f-ea896357f3c7,0.409965034965035
0.005137225041494756,0.16591154326539542,3.3566195558025,0.046657940074374155,5670d573-77c4-407f-bf87-e4d428c926b5,0.5926573426573427
0.01928267652753244,0.3332678216231947,1.9005732731550984,0.4455635395311835,358ea049-8a37-482f-bc63-10ec94f57dad,0.7937062937062938
0.003699119165901594,0.053137125930739576,-0.8674153245391466,0.253312842250909,4b5e1118-4eb8-4232-9cb2-a61277f6731c,0.4501748251748252
0.0036533923407129575,0.08740822111052747,2.0293721261507227,0.1228049772749941,6247cc22-f495-426f-952d-9ff8fb8a7a78,0.5445804195804196
-0.001223220551319905,-0.03424018934152566,0.8740598834379046,0.21233773574170617,8cea746a-0154-47c3-a286-236d9582f5b7,0.45367132867132864
0.0111347778206578,0.1773430443292767,1.0093308996326353,-0.14209307624906334,64591172-f987-4c2a-a42c-6ae026dad9ab,0.5314685314685315
0.014137550876471982,0.26812631531533815,1.8739447674307732,0.49952791905284283,00464d75-9e7d-4554-8eb2-91c257777af4,0.7779720279720279
0.0054822324305433545,0.11720408105232608,1.3194898657798861,-0.15331500404905962,00168864-185a-4a46-8091-c6629b11bc7d,0.4807692307692308
0.003699119165901594,0.053137125930739576,-0.8674153245391466,0.253312842250909,767eeb58-0253-4157-a5fc-6a2f3c5cd985,0.4501748251748252
-0.014216611863485617,-0.26750362846896003,-3.784796730571225,-0.3131656113517109,8a8232da-71c2-4bd5-af09-fd0bd6c5f7d4,0.06643356643356643
-0.0026104558944629376,-0.05286243116742078,0.056971194223173864,0.15015679941244936,9a267f8a-3f23-44fe-99f6-4c28ba1cedd5,0.38286713286713286
-0.01595264113392401,-0.22643287332105067,-1.717402658582011,-0.4559148779636506,1055def4-b04e-4898-bf0f-38038e307546,0.08653846153846154
-0.0054822324305433545,-0.11720408105232608,-2.3752373692774498,0.15331500404905962,e93ed33b-fede-484a-9238-c736715bb23e,0.24125874125874125
0.017417907257348552,0.5120528819955227,3.738226619579319,0.8046655814069259,7519e4c0-a53a-478b-9189-112b230dac87,0.8968531468531469
0.009482085471513798,0.16691470426997163,2.60791602299262,0.4083484632522003,522b4b04-d3f6-4ab0-9ee2-46f769c3676b,0.715909090909091
0.03185122573748554,0.43262758351609715,0.3088532957300527,0.08404951686528438,aa4d912d-637a-43cd-84bb-db689c32bcc2,0.6765734265734267
0.003699119165901594,0.053137125930739576,-0.8674153245391466,0.253312842250909,909e9da6-041a-4205-93de-a881622bae61,0.4501748251748252
-0.006967799842002992,-0.12226966055544768,-1.6853672214552435,-0.1149733139272819,982246d3-8002-460f-b105-edad4bc7923c,0.1783216783216783
0.005455618623219981,0.1586819597907307,2.998650362842559,0.040544906908174194,efb8ae86-c2c9-4faa-911d-2141cbe31033,0.5821678321678322
-0.0051587337918025,-0.1152588495999228,-1.7089596964061051,-0.3795059871754022,b2c83e94-0fec-4f6c-ad4a-d8eb1108b404,0.145979020979021
-0.03583754049503499,-0.4118219497814056,-2.4557708782696035,-0.2819128014574416,5f12bb1d-42ca-4199-8844-3521fa40b9f8,0.06643356643356643
0.01904999033310885,0.28787753772387525,-2.350437595834828,-0.018887217084501015,12728c14-2b5d-4951-a655-4d2f3a203c48,0.46853146853146854
0.003927958024854341,0.05920052090371298,0.8837475499197368,0.30333550587600655,f03e75af-d1b0-4622-84ff-3985ef5befc9,0.5716783216783217
-0.025900124381451072,-0.483384528050053,-2.914405609029504,-0.382621941363078,1dc16d26-e4df-45b1-b4f6-a3817d68f265,0.04108391608391609
0.010189275867271,0.1689918682961911,-2.0532653117725657,0.12147197226860532,c2503fe2-b5e6-4313-a7a3-d94f277d6d0a,0.44580419580419584
0.018794459871850057,0.28305494972891215,-1.406695744222102,0.002337921961898842,c4ee8267-d477-4f02-9bf2-249658d943b0,0.5052447552447552
-0.0013008638271646757,-0.039297483047884635,0.3067895130148755,-0.29072916664389953,7e0f2a42-5ef3-46d1-ab90-660de92c8f81,0.31118881118881114
0.0041239270720200725,0.11271128982238082,0.27798753558115885,0.10033416900750214,545ef007-40cf-4ddb-a85d-c6c8abc024e1,0.48426573426573427
0.010189275867271,0.1689918682961911,-2.0532653117725657,0.12147197226860532,8d5f1865-e9c7-4842-89ad-81ea8f16d3a9,0.44580419580419584
0.007549711585397097,0.15413387530982606,2.420092435203422,-0.08491666949414882,c8b63fa8-d20c-4b09-ad1c-67eda91a2b38,0.5568181818181818
0.004332849516645624,0.10323757642949495,-0.05339741054331678,-0.154226675934914,b639e425-9177-44b0-816f-8b5f9dd7cc49,0.4082167832167833
0.029434196474908275,0.4614678755023449,-0.4585083124815628,0.04841993487516379,84638e25-5da3-4348-8abe-3b9783e39f8b,0.6372377622377622
-0.028840898414082133,-0.4931661638178865,-3.751293093906852,-0.4021496824380776,b3a3906c-a56b-40d2-8865-a5ae677a1749,0.02972027972027972
0.024356237257173785,0.4388815529034398,1.004908858368735,0.22433165005747255,5127a33f-433a-4497-a646-3436f1170dbe,0.7465034965034965
-0.02218084625938796,-0.35818041130111367,-2.5315996072773346,-0.27700664776030304,a5708f53-edb4-4e32-82a7-c8f44df6b399,0.07342657342657342
0.003699119165901594,0.053137125930739576,-0.8674153245391466,0.253312842250909,c785e478-66f8-4dbd-bd0b-f9470d2a2ecf,0.4501748251748252
-0.0028567060272158026,-0.049532116720957343,-2.6270358103195552,-0.13595093363157762,139462e0-ac51-44e8-9f2d-861d2b5aee50,0.19930069930069932
0.008677688110975645,0.1467086679935675,-2.235378061116376,0.11710953491258315,ab559676-39cf-4c54-9356-4a74cfac2857,0.4152097902097902
0.021286820548409295,0.4119549280266246,0.8777904689021229,0.5392625742196694,75a65df9-fabf-4b74-88fd-0faac44c49df,0.791083916083916
0.008536799338255347,0.15734968979871033,-0.8880241313763937,0.2866747405275838,0ac29342-e839-4571-b6c2-8bf9457b9add,0.5297202797202798
-0.005893896750597187,-0.06200066192408815,3.272956965608252,0.00944815669707123,b0ca377d-78e5-4bdc-8e09-b7e4fc63ac5f,0.4178321678321678
0.033772117083643124,0.5740796127249859,5.259559992561232,0.545376207138387,3ad368b1-e576-4b93-9479-d503b4aeb36e,0.9440559440559441
-0.004843201030527257,-0.12538434765624398,-6.2141492039417985,-0.5278953213049717,4a7cbf29-9bb7-4145-b8c1-dcc95d9ab11f,0.08566433566433566
-0.008702460785754849,-0.11389536181868919,-1.3945229565362438,0.06414689762369848,7192324f-87e0-4988-9e63-6965a3c72e94,0.2298951048951049
0.00509214313201671,0.10779873441216369,-2.667358487327658,0.25373903677375326,2eaaa119-778b-41e8-9fe7-87d4ef5aa3ab,0.4256993006993007
0.0038400041026878497,0.09542410423800843,0.9749458815701947,0.16834936230899203,4e1446b0-d28f-408f-817e-539d90f4553c,0.534965034965035
0.0231482539951529,0.3869367477624755,0.6185237463444149,0.2575885098795106,0253c0fc-6866-46f4-8a0e-474134c46197,0.715034965034965
0.009098100349327542,0.24723470441773837,1.3743861714316619,0.2529162256309411,276284a0-cfd2-41d1-9eaf-4381f0e08d8c,0.6503496503496504
0.021048344633949754,0.5213795995945996,2.8704240536486023,0.5062783969052108,5fab8c02-35fa-498f-a6fc-2e6b83f15ee0,0.8741258741258742
0.010318733850062649,0.21513801114093056,-0.4882554328125328,0.7611044628124538,8b737a27-ac41-4ac5-923a-70ecceda1c37,0.6608391608391608
0.0040996249304367975,0.09063058740336329,2.40867337249367,0.6395682173433992,bcb089c3-8be6-47aa-b110-ac77774393c8,0.6905594405594406
-0.006718934070090768,-0.16027106052133236,-0.10236765641229412,-0.33602800240974057,d671f6c1-642d-41a6-9bc6-c5fe95b4027b,0.20541958041958042
0.010206957535967112,0.2578827851631412,-0.3458191373614957,0.6240187980628322,d8a1886d-3ae9-4d59-84a1-c7ae22ebf213,0.6678321678321678
0.0140454295089362,0.12233939694803522,0.6903421746789097,-0.1298582641703633,6f0870da-b238-4231-bb2f-b42a272a8837,0.5113636363636364
-0.006967799842002992,-0.12226966055544768,-1.6853672214552435,-0.1149733139272819,74dd97d2-adb2-4135-b9be-c573fe70f98e,0.1783216783216783
0.001707715406697947,0.03859511991251194,0.22874513007401637,0.23062463353360158,5481e994-17bb-42e7-9043-18a854fb4016,0.4597902097902098
-0.010374593443283238,-0.14245636978781695,-0.6536811843105871,0.03799339472982554,188d0288-033c-46c2-a2c3-40575fae50b6,0.24125874125874125
0.017140657693131566,0.1804357575993639,1.8079313955695973,0.19551347643331105,50ce32ee-7396-44ba-842c-b5e34ef89cbe,0.6809440559440559
0.011191865347452394,0.2365730285424124,1.11669384726825,-0.369265861770327,186d86ba-e273-4001-8cad-905f388ad232,0.5201048951048951
0.010741972439161127,0.2986308079013494,0.8779759015466991,0.12856427893484068,0920700d-cdac-4a90-b478-42e807d45d90,0.6241258741258742
0.015488301382002297,0.26442777935485295,1.3782856263059082,0.35906058307987904,fb178c1a-825e-43d5-ae9f-81a0f1610038,0.7333916083916083
0.012996092158523504,0.21534093088878542,0.6394648822951337,0.33155331704018215,40e12e6b-4cdb-4519-9642-9e43f13e4240,0.6722027972027972
0.012594094742597258,0.2790327766252229,-0.1642894938605124,0.028490679017688755,1d6776c3-e86d-46f8-83b9-49c191153228,0.5533216783216783
0.024355007443110418,0.47360288043231347,0.6369071568994165,0.21255396220525863,c2f8d7cc-c114-40e6-ae65-38f38046c7cf,0.7211538461538463
0.0072506473237764196,0.11184021465454219,-1.4664664580790139,0.006766062171662027,e3e14d7a-80a2-45db-af76-49f45866c35a,0.3916083916083916
-0.0037999345219856874,-0.10644482315551805,0.5565494563997504,0.30093311698215647,1f453a2f-92c2-4a32-91a3-fbf685033cfe,0.42919580419580416
0.02001720927609158,0.38926871635190036,-0.5385483097327605,0.22240077899209978,376eeab4-f20d-40e1-91c9-b43790537b2b,0.6407342657342657
0.020697464110156556,0.27870121718167024,1.818671248281333,0.21357384419073935,b4d4281d-3f03-4fd4-b8c8-12a96cc0c1cf,0.7237762237762237
0.03517096575146977,0.4768201733665905,-1.194849249626971,0.046620849358467976,33bffab7-abc3-4f58-9152-a033d895bfe9,0.6162587412587412
0.04419548436041985,0.6585386340631627,2.136288826718061,0.5400851269300273,4f8c4099-3d59-4f07-8e81-a8ebf9653a5b,0.9291958041958043
-0.005514505977544692,-0.0636494625550701,-0.6579476613227647,0.04405504399596512,032c252d-d83e-4fbf-8b3b-33a0d7ee7b52,0.291958041958042
0.002877714282610273,0.10447412445173877,0.9229099379128077,0.17386514107521547,66dc2999-098a-4850-86ce-cb502ea501ba,0.5218531468531469
0.0010265402441030815,0.02950282756275878,2.6679458227836093,0.21307650920362406,49174aca-98d6-45b4-aa04-9b9a062c3302,0.5402097902097902
0.0014180410528456624,0.020614378743411578,-0.957524591077088,-0.14120036833250516,7e8dbe88-5a45-4e8f-a7ff-9a91354f2a5b,0.2910839160839161
0.0027761773376606845,0.049492430292679336,-2.7771385314577355,-0.36393955544492146,5191d081-0976-4a57-859e-2b3ea8741aab,0.21678321678321677
-0.014285444462526465,-0.2642431684542654,-3.6817256027567895,-0.47121002477329876,3d9abe6b-48a1-4ea0-818b-1f5874e84a17,0.05244755244755245
