factor,model_score,abs_weight_mean,abs_weight_std,selection_rate
70f50736-5f62-4a34-81be-6d203a0581de,6.491699017650666,0.019789247155092244,0.0030483825858679038,1.0
5718ea8c-9223-4d16-af19-341d12c55777,5.386871271938274,0.016593465570870995,0.003080343090542746,1.0
2a8a9371-6082-479e-a31f-4cced975980a,4.911983721910046,0.0091217913950544,0.0018570383762733956,1.0
097479bc-7fb6-4b2e-b6d0-4dc7fe334fb9,3.448185650519038,0.014535456377738235,0.0042153826299038705,1.0
286783bf-9f29-4918-b951-56878335a9d2,3.143004190119337,0.03544867369339807,0.011278585747609269,1.0
4bcd0f17-a81c-4d54-bb2d-003a063b2ed8,2.9920244392839446,0.02924390147249089,0.009773941405119398,1.0
280c2936-c027-4513-8ab6-3511c0a61ac2,2.860607581100788,0.011414916906985125,0.003990371967243673,1.0
e6ae5961-75db-4616-bfb6-8753333f6e7e,2.7803115939165837,0.011733840755335564,0.004220322994693691,1.0
44dc29fc-b54d-45f9-9cf3-864fe3aab305,2.65323800702022,0.02305802436189094,0.008690512411062092,1.0
9cb760fb-7f1a-4095-9709-6b027b095773,2.6327008377318637,0.008180544062932999,0.003107272052593844,1.0
1309b945-9e5d-45e1-b660-ab7fcdff01db,2.5992617081685747,0.007518959051831127,0.0028927187422430976,1.0
884dde43-8d0d-48a8-8763-c41771105d78,2.555678191392254,0.012158541856338193,0.004757451990828586,1.0
5670d573-77c4-407f-bf87-e4d428c926b5,2.455272141295547,0.007033316478837987,0.0028645671523831132,1.0
c13962ca-be36-4a5f-82f7-ca10170e867c,2.408618611834522,0.019835948591444618,0.00823539451526138,1.0
ef16de92-92f5-4a39-b3cb-a33a5bd6ba64,2.401000278299665,0.007090861134022528,0.0029532845906379145,1.0
f03e75af-d1b0-4622-84ff-3985ef5befc9,2.3800026752117787,0.004694174731737352,0.001972330107273053,1.0
6fe8c687-44d1-4c62-b691-a936faa39b06,2.357396475230684,0.007250560969378338,0.00307565463493114,1.0
10180682-adb6-4432-b4aa-444fbda6a55b,2.3544780371036547,0.011603753227275101,0.0049283660750426795,1.0
e67d6106-1edc-425d-9317-23c99e7847fe,2.2993715391892064,0.008740720364684056,0.0038013418979912952,1.0
dadb86f5-b3a2-4898-880a-23d2422a4970,2.1607845051822774,0.008004303519738274,0.0037043406654834396,1.0
7e600007-2ca7-42f1-988e-14deb07659ac,2.134384690620257,0.008122846235245028,0.003805698629255821,1.0
34fb09c9-d8bf-4eee-9e23-e8f46a70e8ee,2.127473189911625,0.008713382683496135,0.004095638643101391,1.0
83f434e8-c106-4974-b1d3-7667817006c3,2.0751863701217967,0.005678349184159411,0.0027362980569125644,1.0
7192324f-87e0-4988-9e63-6965a3c72e94,2.0719599622062232,0.00962882811399267,0.004647197614832428,1.0
b3a3906c-a56b-40d2-8865-a5ae677a1749,2.0168412668066673,0.03148873213846566,0.015612885599028885,1.0
cfb5ad03-d16a-4ec7-8ffd-3b92d23a9054,2.0052163972207544,0.0009052144743374528,0.0004514198185433189,0.8571428571428571
9281d3dd-af83-4780-af64-938d0fe0ba6d,1.982910224147845,0.008782545169653908,0.004429108909520074,0.8571428571428571
c1d07677-7f99-4cdb-84d2-c06e7223b567,1.9825176426742677,0.006070107647664128,0.003061807719551796,0.8571428571428571
ceaed1fb-8366-446d-88ad-4d26987db8a9,1.9021559476654728,0.006164521380299372,0.003240797562526682,1.0
c0cc6ffe-5405-4b14-8fcf-f1c4bb741cca,1.8959894717407038,0.006442282957173166,0.003397837431746823,1.0
3ad368b1-e576-4b93-9479-d503b4aeb36e,1.8463683334723477,0.018634589445616998,0.01009255338932769,1.0
9dc0257c-20da-4c88-9171-494005824e2e,1.8409677512435112,0.024024343958236303,0.013049835083928643,1.0
4e1446b0-d28f-408f-817e-539d90f4553c,1.8388652482694972,0.009611650710069586,0.005226936737459329,1.0
7519e4c0-a53a-478b-9189-112b230dac87,1.820028166259608,0.005595214601508557,0.00307423616016105,1.0
00168864-185a-4a46-8091-c6629b11bc7d,1.7871190908240293,0.009595371191494768,0.005369173979267103,0.8571428571428571
1951f1f4-066b-4d33-9b77-36dc080168db,1.7756408893575275,0.005591201811271423,0.003148825918784492,0.8571428571428571
33e86025-5eb3-413e-8790-fb59c807e273,1.7592419629184988,0.031451884249260195,0.017878078922505584,0.8571428571428571
376eeab4-f20d-40e1-91c9-b43790537b2b,1.7578084682522277,0.023407827037394798,0.01331647325751268,1.0
c8b63fa8-d20c-4b09-ad1c-67eda91a2b38,1.7488151582133442,0.01630281522353699,0.009322196035881209,1.0
cac9763c-5f11-4ee3-b64e-e46244d40356,1.7468350728508344,0.0005553140954971471,0.00031788726696457646,0.8571428571428571
a9fb3f57-a875-4684-b099-5c00e674b708,1.7426646124685645,0.013430215325045059,0.007706702599173367,1.0
0dd5148c-579b-4cc2-b934-06c6eec594c6,1.7410257218255758,0.0049022247830873555,0.002815700716753261,1.0
1474456c-e9c2-49ef-8ec9-4dec22189880,1.7245657505139558,0.006284375263257813,0.0036440234393657887,0.8571428571428571
1f5c6c6f-6c9e-4293-9c6e-1e8ec7f42375,1.720076668323333,0.01822827904274552,0.010597354279415388,1.0
7bae192e-3dcf-4a4d-bbfc-70815914517f,1.7114863398437163,0.0267206297778045,0.015612518803615508,1.0
9d9f9206-df63-44a1-b757-35afd97fd4fe,1.7061823510261411,0.0062139286921141694,0.003641997367135732,1.0
4b5e1118-4eb8-4232-9cb2-a61277f6731c,1.6885184308039256,0.0006106212745319446,0.00036162139435867447,0.8571428571428571
909e9da6-041a-4205-93de-a881622bae61,1.6769571662420961,0.001518687122445579,0.000905610699811203,0.8571428571428571
97cf745a-d574-49dc-a4ec-302116fd8265,1.6612216484889952,0.004782062154381541,0.002878631846939078,1.0
c45abc14-cb94-42de-88bd-17842d43b7f2,1.641378062255072,0.005299329565703661,0.003228575593755876,1.0
729a2dd1-dd1b-4dfc-b02c-d13db2701bd5,1.6334571928992296,0.005030841668966383,0.003079863590098264,1.0
1d6776c3-e86d-46f8-83b9-49c191153228,1.6249393539638244,0.01780712683370073,0.010958630881127411,1.0
c8c6e56a-5910-4ab2-a5ac-45bc3f3d8669,1.6158062197151581,0.0041540953360921515,0.0025709018367080275,1.0
1bb8e50f-ff51-4620-bbdc-5a18f5f48284,1.611522142799631,0.018793757119090326,0.011662105350423115,1.0
1cc0328f-f627-49ec-b7d1-44f9ee1cf8e9,1.6088146502245004,0.013326298929465468,0.008283292820250837,1.0
f8647449-d5bf-4b05-89a0-e4a81107aba6,1.6086970511257535,0.008399590745057304,0.0052213526793058,1.0
c2c6d707-6990-4269-b8b2-8ce007f9abf9,1.6025528036903973,0.004379984830653286,0.002733119804251661,0.8571428571428571
4b5cff0b-6931-44f5-a404-2689a32307c2,1.602255483626128,0.009305943414980302,0.005808017190470057,1.0
c3a729a8-df2e-470f-af52-528e37c0698b,1.5744596808992617,0.018622115292222352,0.0118276128461984,1.0
f5a1b7e2-d66a-4fc9-9dd3-bc516fe5b54d,1.5615944931580168,0.017998525178236486,0.011525725558812082,1.0
7d3995b7-407a-40ad-a50a-993872eab98c,1.5586954197828595,0.01317964288776427,0.008455550156582942,1.0
5f90b118-8274-4db8-8862-39ca9e1cca8e,1.5519120927543446,0.003590568926599594,0.00231363195392474,1.0
e93ed33b-fede-484a-9238-c736715bb23e,1.5483719540974603,0.013218096390739023,0.00853676073894289,0.8571428571428571
545ef007-40cf-4ddb-a85d-c6c8abc024e1,1.5428543211388561,0.006066796659070144,0.00393218021131687,1.0
da35c6ee-0a91-4cec-9cf5-471d31d83288,1.5395005491283589,0.009662331161209707,0.0062762665279170364,1.0
5f12bb1d-42ca-4199-8844-3521fa40b9f8,1.5382001827939245,0.006542961819979243,0.0042536377977104856,0.8571428571428571
77888c07-ad44-406e-829b-c34182f5eb47,1.5371264752315064,0.005951198161313259,0.0038716285783524746,0.8571428571428571
cc896896-cc9c-4bce-afcc-c5b1f1114af9,1.5368446543484813,0.009185737434748103,0.005977001019791222,1.0
4ec02a39-de56-4aa7-8c19-b195f212b3cd,1.5348898872183132,0.0023594586713644853,0.0015372068981063139,0.8571428571428571
212693dc-2179-49fe-9774-c3913275b0b1,1.526334081647601,0.0011648399267362864,0.0007631518403481498,1.0
b0ca377d-78e5-4bdc-8e09-b7e4fc63ac5f,1.5256984256535475,0.013504181340945956,0.008851137195200986,0.8571428571428571
df2bfeda-c5ab-4900-a5dd-00302d34144a,1.5242311464764393,0.015242380863926408,0.010000035530602216,1.0
ea32fb65-d5a2-4d46-824b-7be513a3989e,1.519723976424816,0.01095209676903722,0.007206625506799247,0.8571428571428571
b639e425-9177-44b0-816f-8b5f9dd7cc49,1.517726006078137,0.018095766398338577,0.01192293678082162,1.0
7460cdc2-f9c7-4551-9a93-5a61ec073d24,1.5161013991138774,0.006213467783293086,0.004098309404575907,1.0
64591172-f987-4c2a-a42c-6ae026dad9ab,1.5100634896062395,0.0031982623201724193,0.0021179554644894373,1.0
d4492fff-3c92-4b33-ab28-5f45c9758d43,1.507221034717453,0.004657780471763443,0.003090300156556832,1.0
8db4019b-8383-422c-89f0-13c47797fc28,1.5069015253236064,0.006623513091010523,0.004395441845858426,1.0
26ae2fa3-d56d-45e9-b980-6995c7e48a15,1.503886937327991,0.006386317283450316,0.004246530830254907,1.0
6f28f317-f190-4c2d-8a13-ef086e22bbe4,1.4944657584516592,0.004762935026084367,0.0031870386152984894,0.8571428571428571
188d0288-033c-46c2-a2c3-40575fae50b6,1.4876994199923566,0.007840428631382115,0.005270159851529819,1.0
748898ff-c184-460e-ac7b-81e01945fa74,1.478972009418485,0.0006206543762192245,0.0004196425507357362,0.8571428571428571
aa4d912d-637a-43cd-84bb-db689c32bcc2,1.4772629435970066,0.016037449114776038,0.010856181299110399,1.0
49e7bf39-ddef-4bc9-a636-2757b5933c34,1.4740087373234338,0.0023407597623253252,0.0015880129899965003,0.8571428571428571
54ef7659-3c2d-4772-a23f-7ffaa5ecf79d,1.4593977184702913,0.005540555884228489,0.0037964574153636324,0.8571428571428571
f51e3a19-09b8-4f44-b7c3-6f3eb2b1e597,1.449653942965997,0.002354809773457075,0.0016243844183251943,0.8571428571428571
233e577f-3085-4fc8-8e76-e4e5442e97b1,1.4402580705952641,0.0024459632654445346,0.0016982712423565236,0.8571428571428571
683e033a-6822-4802-9f74-edfcc6f9299a,1.4334673852513433,0.008186265044946133,0.00571080360425285,0.8571428571428571
8a8232da-71c2-4bd5-af09-fd0bd6c5f7d4,1.431289564371839,0.015212233245159693,0.010628330780110419,1.0
d671f6c1-642d-41a6-9bc6-c5fe95b4027b,1.4308819255011853,0.013500572056885027,0.009435130535552068,1.0
56074bfc-ce6e-4988-989a-905ee00140c7,1.4270561510416568,0.015032790899191472,0.010534117117716095,0.8571428571428571
3c964f1f-a1f9-4743-a2b7-7e6083c3c0dd,1.4194016701406107,0.012399474236654778,0.00873569497872279,1.0
af88a4bf-59a4-4c64-acb6-c6f9c98c0f79,1.4177353821064407,0.0035543078555821997,0.0025070219189616935,1.0
e41f490a-e771-4f66-a04e-34c331c8479d,1.4106086286471977,0.015737982133874225,0.01115686357517958,0.8571428571428571
efb8ae86-c2c9-4faa-911d-2141cbe31033,1.404795345799504,0.0043333288432919614,0.003084659134368292,1.0
e5394c42-0600-4424-9045-0a63713b84c6,1.399686626260061,0.00902389243332063,0.00644707055647593,1.0
767eeb58-0253-4157-a5fc-6a2f3c5cd985,1.397864626768371,0.000654032684517499,0.0004678698447239581,0.8571428571428571
982246d3-8002-460f-b105-edad4bc7923c,1.390630240209225,0.0027946097054298786,0.0020095894065319765,0.8571428571428571
dcb163c8-0588-4acd-9e26-0db8348fb6d5,1.385831337946582,0.009091640431015399,0.006560413467177968,1.0
50ce32ee-7396-44ba-842c-b5e34ef89cbe,1.3775265910740337,0.002010987209884403,0.0014598436412400365,1.0
c785e478-66f8-4dbd-bd0b-f9470d2a2ecf,1.3717136424075471,0.000920873458398692,0.0006713206844294642,0.8571428571428571
0698c01f-6a8b-4969-b3f9-965745be9078,1.3679087563585348,0.000512377361982828,0.00037455983852257153,0.8571428571428571
d5f23932-a55b-495f-8f5d-f304760076da,1.3650984758750204,0.010635779034321266,0.007791207426643005,0.7142857142857143
c4393725-ba34-4824-87e7-bfd2bcb639f7,1.3624154383768647,0.00640995461852767,0.004704835848021416,0.8571428571428571
74dd97d2-adb2-4135-b9be-c573fe70f98e,1.358289259212332,0.004191413822857829,0.0030857935535732782,0.8571428571428571
b9f9589b-efac-4b48-a109-defe1a554542,1.3567543162402402,0.011590978912867861,0.008543157155707392,0.8571428571428571
09e1b5d9-9539-4c37-b931-3490cb6a3ef7,1.354882365121807,0.0005217802553863061,0.0003851011128303725,0.8571428571428571
12728c14-2b5d-4951-a655-4d2f3a203c48,1.3518237195110892,0.020024821703437935,0.014813180073836155,1.0
13a4da26-616b-4cca-bc20-c7081f0abc85,1.3451027158685946,0.007278061770387694,0.0054107751278018685,0.7142857142857143
a6a37fca-f71f-4693-9869-93764782618b,1.339699262589582,0.004030899736957333,0.0030087994018696213,0.8571428571428571
49448f6a-729d-4021-aa54-b7d8e9a09ead,1.3369902852198674,0.0028054742704282016,0.00209834052763068,0.8571428571428571
ba958622-2bc0-473c-a016-e0c2c48d7798,1.336668477059654,0.016409248440753553,0.012276219089242767,0.7142857142857143
5967a332-484d-4815-8ed3-d32ff8f95117,1.3354517297066424,0.013877202229259663,0.010391381856827395,1.0
232fac03-4f4a-44b8-8d6a-f3e63720070e,1.3301084751825631,0.012296300709005,0.009244574887948541,0.8571428571428571
4847bf64-d72c-46be-b889-1435c970a559,1.3281027922370103,0.0034628337666244985,0.002607343728088939,0.8571428571428571
7542af34-ccd7-43c8-8891-4b6fa8da361b,1.3215690527330337,0.016744157660751283,0.012669897505872657,1.0
276284a0-cfd2-41d1-9eaf-4381f0e08d8c,1.3187088718450013,0.019291406803088034,0.014629001160058011,1.0
6247cc22-f495-426f-952d-9ff8fb8a7a78,1.3155580170586922,0.012357438685182954,0.009393295749305954,0.8571428571428571
3387ac10-7dcb-4182-8dcc-a9da7e896075,1.3152754234999267,0.005240314363627851,0.003984185454426921,1.0
19a20ed4-7b82-4937-8cc7-b835037656c6,1.309263189126547,0.004170931117215766,0.003185698688562712,0.7142857142857143
4f8c4099-3d59-4f07-8e81-a8ebf9653a5b,1.3064352833502895,0.02873351028973093,0.021993815990404397,1.0
b9ce4179-1d54-4fb7-9013-af87a969d137,1.3040442224450717,0.054802506814539305,0.042025027089451675,0.8571428571428571
1aae18ac-cd7f-4c87-826c-ef497ee80dcf,1.2952897121986333,0.01074361530207922,0.008294362448803702,0.8571428571428571
23bc8a6e-c64b-4e5f-af3b-6830ab6e2565,1.2916313720491606,0.010068104458303457,0.007794864510000874,0.8571428571428571
39606f73-dabb-4137-a3e5-394d1ff01d9a,1.2806881647608546,0.017026832521197015,0.013295055098361762,0.8571428571428571
7de11a45-8b4a-4048-8232-14692651353b,1.279542654398523,0.014351656471903148,0.011216229194971939,0.8571428571428571
5fab8c02-35fa-498f-a6fc-2e6b83f15ee0,1.2745427635770958,0.019391986905295016,0.015214847797999663,1.0
47aac9ce-9ea0-461a-8ddb-2e3b7066b515,1.2657320195990849,0.009648678847252332,0.007622992893067767,1.0
b2958245-7f45-41d1-b629-b92929e0cc51,1.2638691588507929,0.006749155400725226,0.0053400644479452905,0.8571428571428571
3bc4197d-9f3e-4d77-815a-ebd0a672222a,1.2613527656868453,0.013230142929538764,0.01048884235712354,0.8571428571428571
e8442556-bed5-4d11-a1e9-151c54e1838b,1.259293999850316,0.0007041293040357542,0.0005591360803588752,0.8571428571428571
73b6afad-568e-4f6d-8677-c815b22f8899,1.249565425149885,0.014651276805396195,0.011725087790408838,0.8571428571428571
b3344f28-5414-4c7a-bd00-74e270d41dc3,1.2493113264127917,0.008292517094102983,0.006637660626034977,0.7142857142857143
8709555c-d9a9-472f-ae7e-ddc66e6ec537,1.248021452758072,0.007978182342194665,0.006392654424608436,1.0
69c1c02c-0fab-44c2-972e-15ad702530c2,1.243497425450432,0.004534674930771955,0.003646700349343393,1.0
cc0aa90a-3818-48b2-99a4-7c9d3e0ed938,1.240805243180255,0.043552425464708326,0.03510012010025728,0.7142857142857143
21a637df-5ddc-41ae-b170-f31cccab9fb2,1.2365292319077097,0.014630487841847561,0.011831888077553521,1.0
dd2c2a85-6e25-4894-9e1e-ae605ba766be,1.2169985372044902,0.0029063389364750287,0.002388110320301323,1.0
3e92e357-340e-45c2-87d9-c72c22fe721d,1.2156107975170638,0.0006093827746411271,0.000501287599433813,0.8571428571428571
2eaaa119-778b-41e8-9fe7-87d4ef5aa3ab,1.214754654537206,0.005825115133248472,0.0047952917603111865,0.8571428571428571
906a9c79-421d-44ed-9919-2f3b1dbca9e2,1.2109622505977202,0.020981934458384654,0.017326652699872068,1.0
0398b2a8-898f-442e-9ee5-1a38abe49e72,1.2063299227860547,0.003425852379531964,0.0028398867105282914,0.8571428571428571
1b402eab-558f-4fdc-b05d-103bb8b65c0a,1.2035348238049213,0.0033318354029072982,0.0027683647383177916,0.7142857142857143
f9557137-c372-4ec5-a938-007cd3a713dc,1.1952209285499187,0.003210394429682296,0.0026860159496771463,0.8571428571428571
4b025a99-1291-47f4-90b7-02789109a958,1.1951696319779068,0.003662091100656109,0.0030640664312222786,0.8571428571428571
d0cca2db-8aed-48fb-ab94-6d0347de3417,1.1886157438841847,0.00074897867665213,0.0006301168349387674,0.8571428571428571
f666cd7b-3a72-4d41-9826-04a93993a0eb,1.1884770634820563,0.0026797775172897865,0.002254789524223419,0.8571428571428571
2f711bb0-10f4-4a31-8894-bd495abe63bb,1.1772716784142203,0.011069949091972498,0.00940304393813913,0.8571428571428571
c4ee8267-d477-4f02-9bf2-249658d943b0,1.1772560602928532,0.020296749658043265,0.01724071641681221,0.8571428571428571
e3e14d7a-80a2-45db-af76-49f45866c35a,1.1737304556853017,0.008418644241799066,0.007172543290255814,0.8571428571428571
8b03500e-2055-461e-8623-a08f17010f1a,1.1667775949055577,0.005154520555733617,0.004417730431629422,1.0
3d9abe6b-48a1-4ea0-818b-1f5874e84a17,1.1588622162481983,0.008889005360030277,0.007670449210248754,1.0
522b4b04-d3f6-4ab0-9ee2-46f769c3676b,1.1560827394527635,0.0062916055973992685,0.00544216587780735,0.8571428571428571
c0037211-9388-4b3d-b0d4-32a566801ffc,1.146294195198682,0.007792866047435592,0.006798302405381142,1.0
fb178c1a-825e-43d5-ae9f-81a0f1610038,1.146187739685457,0.009461255208640622,0.008254532324137084,1.0
747f809b-b0da-40c7-ad34-65a279a6e4ae,1.1446665654301738,0.014787472729770953,0.012918575356089016,0.7142857142857143
b4d4281d-3f03-4fd4-b8c8-12a96cc0c1cf,1.1375183808312865,0.012618105418424407,0.011092650682285616,1.0
f84151b2-5c7a-4256-a1f5-bbd35bb1ee95,1.1373173574125524,0.0056729996636363245,0.004988043357897088,0.8571428571428571
7e0f2a42-5ef3-46d1-ab90-660de92c8f81,1.130157298414209,0.006609296643681975,0.005848111011965212,0.8571428571428571
7b20282a-8d28-492b-bab9-77781a80afe1,1.120547692202819,0.0023908593619307522,0.0021336424795572978,0.8571428571428571
01b18f2a-b4cb-4d7b-9d17-0d2ecb09448b,1.117703702112014,0.00481140250878958,0.004304710919952175,0.8571428571428571
66dc2999-098a-4850-86ce-cb502ea501ba,1.111055950737524,0.004694059838016405,0.004224853594763582,1.0
1e2e1c94-77cf-46b2-8cd8-7e0056d8760e,1.1063453953621873,0.007047213731158208,0.00636980340610284,0.8571428571428571
13e67e69-e58e-447d-bce9-c8e58a4a43b2,1.103544950639958,0.0335965920149374,0.03044423424710055,0.7142857142857143
12fc3b99-8d31-47fb-9105-24df6b301d77,1.0977819898643393,0.02694835392999948,0.024547991496480806,0.8571428571428571
ae0909bf-0cba-4c3e-bf87-c93af4300259,1.0893318480338379,0.003168171974191293,0.002908352570973763,0.8571428571428571
1055def4-b04e-4898-bf0f-38038e307546,1.0878629734321297,0.000900177410884114,0.0008274631587233995,0.7142857142857143
bfe68e84-4c71-446e-8f4e-8d1c988453ae,1.0851201286469059,0.009971097919685926,0.009188924622491447,0.8571428571428571
fed187d2-e757-4550-ad9b-c89b50cff6e9,1.0834415244994284,0.012319411713767301,0.011370619088135712,1.0
d079b56e-4679-4895-b55c-5b961b91daef,1.0719503502262995,0.026308995089418884,0.02454309974744753,0.8571428571428571
ab35dfb7-35b7-4c7a-9d90-4eb41e5cb92b,1.0709535943745352,0.009253347477224968,0.00864027798804225,0.8571428571428571
efd1512e-2c8c-436c-a0dc-5a381a6a3985,1.0693320353234594,0.03441834828489063,0.0321867637502875,0.7142857142857143
b197442c-de37-40d0-a026-b72070dec20c,1.067708748336042,0.001553552851986171,0.001455024300699781,0.8571428571428571
e3b57178-b68e-4732-858e-fb9f04a70f02,1.0630867398838715,0.005631951774980893,0.0052977249483223835,1.0
922d0f86-97da-45e5-a3cc-08d1102b6845,1.0547654099355532,0.0014598747589116118,0.0013840653073243186,0.8571428571428571
0b7d0261-f0d4-43f2-ac36-2f8b6d521f66,1.0536546689782835,0.009735954521407703,0.009240165940043565,0.8571428571428571
5481e994-17bb-42e7-9043-18a854fb4016,1.0533712666408155,0.0015536348403908855,0.0014749066695474834,0.7142857142857143
75a65df9-fabf-4b74-88fd-0faac44c49df,1.0507037972122775,0.011100641743242726,0.010564948242936684,0.8571428571428571
8587f34f-b5b9-4038-a272-1e8819e6b2e1,1.046548860864291,0.041961180274465916,0.04009480242931394,0.7142857142857143
bd4b6cde-7cb7-46ca-973b-306192be2eb4,1.043669292493595,0.0048446399041944446,0.004641920100884113,0.8571428571428571
6db5e7b2-fcc8-4159-b52e-64c1251d6d73,1.0430468535908477,0.003908183242756195,0.003746881359004324,0.8571428571428571
afca1919-4317-4776-8002-3e74a7292482,1.0426052535170467,0.005273649311054051,0.005058135729905269,0.8571428571428571
b5408a09-9b5b-4f14-aa6e-a7e843d45133,1.0369173614265472,0.008869497986133802,0.008553707312565315,0.8571428571428571
bc269162-ce3a-4f47-a097-96662bb71ca5,1.0327253792213151,0.004573147363369929,0.004428221798484633,0.7142857142857143
af8a7d60-4164-4708-b31d-aae047ec3b16,1.0296486653071537,0.009483063607273664,0.009209989417077648,0.8571428571428571
8b737a27-ac41-4ac5-923a-70ecceda1c37,1.0283671181839835,0.0060325844431516245,0.005866167881887842,0.8571428571428571
93e19a59-0c1e-4918-ad91-32a2ee7c78da,1.02564013016007,0.011640851849562659,0.011349830462800426,0.8571428571428571
50322a62-04f9-4c21-b288-c418258bd429,1.0208960247816892,0.018000618387998546,0.01763216600131986,0.8571428571428571
5191d081-0976-4a57-859e-2b3ea8741aab,1.0158864505068048,0.0046829543290203505,0.004609712205354862,0.8571428571428571
1d690e34-bd16-42c1-ad98-f28dbbbfb2c5,1.0149901219936674,0.0018878791648671307,0.0018599875743201461,0.8571428571428571
89020862-2f59-451e-9c43-26e9d500a1a1,1.005062590447699,0.010788523262176478,0.01073417050250064,0.8571428571428571
9b8e5a97-556d-4997-9c6c-5f931b106a7e,0.9998302886433365,0.003887310481212095,0.0038879603139287395,0.5714285714285714
0920700d-cdac-4a90-b478-42e807d45d90,0.9952093071405674,0.01001735906478307,0.010065570167819086,0.8571428571428571
7211fcef-ae73-47cd-9605-623c76e8fe74,0.9931870397055793,0.0023791555089087146,0.002395465790354647,1.0
7a844051-0c83-47e1-966b-1411b35e114c,0.9916730147726077,0.004794031135470478,0.004834276164951012,0.8571428571428571
33bffab7-abc3-4f58-9152-a033d895bfe9,0.9790536145319341,0.014701140379609498,0.01501565427149939,0.8571428571428571
b2579724-afab-4c0e-ad61-e172b7c36286,0.974362247583913,0.004228436357172358,0.004339686419537438,0.5714285714285714
e238f932-8f3a-4b92-8260-3c03b13fc3f8,0.9731108415069321,0.002013956159506802,0.00206959612666492,0.8571428571428571
84638e25-5da3-4348-8abe-3b9783e39f8b,0.9717802709647178,0.0031121456919302607,0.0032025099367761736,0.7142857142857143
e4cb7e3c-558e-4269-84e3-641feb1f2ac6,0.9690070878333266,0.005518683110904858,0.005695183750589052,0.5714285714285714
39a7711d-43d9-4d2e-bcfe-9fd9da76fec1,0.9689214901372769,0.003051699411882609,0.0031495737825314864,0.7142857142857143
832db8f3-e2c4-4e37-be0e-f28f476d3fdd,0.9636977568024342,0.005582727782799337,0.005793017682582684,0.7142857142857143
d8a1886d-3ae9-4d59-84a1-c7ae22ebf213,0.9507817252480881,0.0032061348862045154,0.003372094028785299,0.5714285714285714
e7b36e38-294f-4e63-837f-f49ca6784788,0.9410045413218606,0.004510018248399622,0.0047927599074270655,0.8571428571428571
f1bc8ca1-fe27-43d3-a7c9-ddc4d15b1322,0.9378750435246411,0.0010090883646159082,0.0010759205001054717,0.7142857142857143
05487ff1-75b5-45e5-8132-2951973bbb0a,0.9273476560475166,0.009277745746219495,0.010004593651841344,1.0
0253c0fc-6866-46f4-8a0e-474134c46197,0.9193361046018788,0.018376276933130303,0.01998862836756221,0.8571428571428571
c083eedb-7878-4c66-bbf4-2a616d329111,0.916310116667894,0.01072211597961516,0.011701395217051934,1.0
2e1bab4e-114d-440c-bfa3-4cf4eb044e49,0.9152757986673636,0.0008405026294718438,0.0009182953137596458,0.7142857142857143
a206c6f5-2f77-48e3-af0c-c70e2cfd7514,0.912257268997715,0.004491491225298587,0.004923481845927772,0.8571428571428571
49174aca-98d6-45b4-aa04-9b9a062c3302,0.90071083896328,0.004340061231928823,0.0048184745171001185,0.8571428571428571
24852aea-9d88-4250-a3ba-5dce7157c4c3,0.8953975114107272,0.001386828737343643,0.0015488314024723504,0.7142857142857143
8cea746a-0154-47c3-a286-236d9582f5b7,0.8932598915896673,0.004290792279466764,0.004803510587754997,0.8571428571428571
f4e279ff-cd73-4d86-aa10-a0b026ccd921,0.8899882973870792,0.00849595775524239,0.00954613547200869,0.7142857142857143
ee582e50-1df3-4638-b69b-20911b833765,0.8899093495771512,0.02335549191517216,0.026244788895831064,0.7142857142857143
6a2f7f80-e4d2-4ae7-ae03-240823c29380,0.8886993508882217,0.002044613946897834,0.002300671265103118,0.7142857142857143
bef41ade-3fc4-4f01-b510-045fb7cd9535,0.8841797217634073,0.015483417928307866,0.017511608449502267,0.7142857142857143
c2f8d7cc-c114-40e6-ae65-38f38046c7cf,0.8829355477588627,0.0017407866891504067,0.0019715797650389204,0.7142857142857143
f90760f0-ef21-4bca-96cf-926b35c46b78,0.8692642020316114,0.0034639982153943263,0.003984967418025959,0.7142857142857143
86692da1-644c-4a2a-833d-af7abb352f67,0.8566040281641958,0.0050296054532749535,0.005871554092517748,0.8571428571428571
89592d8e-8935-4a2f-9d52-88907942082a,0.8563779905708261,0.002194616527891586,0.0025626627357025434,0.8571428571428571
0c25d107-fc82-4c38-803a-f76b4bab9881,0.8539918576054514,0.0030761840503758012,0.003602113396119093,0.7142857142857143
661b81af-5205-493c-9ff8-f3dccd41e8c4,0.8488807805337472,0.008784931887168813,0.010348830601203327,0.7142857142857143
e9f40d17-134d-4efa-aa50-504561d869f3,0.8454157822461486,0.007318190537086122,0.008656311174467241,0.7142857142857143
ef2b0398-7bf7-4ad3-8c4a-5a0469a90b12,0.8357103168979536,0.0027950039852616816,0.0033444550960351517,1.0
a617de67-81d3-49dc-a3a5-e38dd0ea03fc,0.8285954112740109,0.004053067619263629,0.004891481751121111,0.7142857142857143
7bf315ba-c777-40fb-8172-0c383cbbf4c5,0.8255894688847345,0.004964763122960421,0.00601358793223523,0.8571428571428571
80b7b941-c625-4fc8-ba50-2286d6e424f3,0.8191679839763493,0.03500535032310042,0.04273280061740211,0.7142857142857143
171cf3f6-28bd-4336-8a9a-1e2a1a2d5a7f,0.8142614300277372,0.001146669528078361,0.0014082226459197517,0.8571428571428571
b9a52001-3b2b-43c9-840a-6c9ebf35459c,0.8125781473009728,0.005126757120879412,0.006309238086363441,0.7142857142857143
9a267f8a-3f23-44fe-99f6-4c28ba1cedd5,0.8123451522783418,0.0032919635445368164,0.004052409756927236,0.7142857142857143
b2c83e94-0fec-4f6c-ad4a-d8eb1108b404,0.7991903215568343,0.0013482667284608805,0.001687030861348818,0.7142857142857143
e9b32177-4889-44cd-a947-6b462736a534,0.7974213510248305,0.0012860031986719114,0.001612692239561513,0.5714285714285714
b2ae99af-eafe-4a41-9f39-4f03a6bd2c64,0.7940702150489449,0.012094942647616208,0.015231568289170183,0.42857142857142855
bcb089c3-8be6-47aa-b110-ac77774393c8,0.7931660553858896,0.0050112119329715436,0.006317975873126528,0.7142857142857143
0ac29342-e839-4571-b6c2-8bf9457b9add,0.7913453152927052,0.006150299832543193,0.00777194456103547,0.5714285714285714
410c2c7f-2df4-4e1d-bdc2-176efa431661,0.7875557673580106,0.013937499696262292,0.01769714907613501,0.42857142857142855
04c97005-48f1-4076-95a1-5e63ddd4bf93,0.7712522981445002,0.0009575864297314715,0.0012415894507053775,0.5714285714285714
2ca5f79a-84aa-4093-87c3-d36d9dcd4e17,0.7642404644064874,0.0013656265161605392,0.001786896843804837,0.5714285714285714
5e616967-1518-43d5-9167-13728247689e,0.7631693454748856,0.0018298477379927946,0.0023976855427293316,0.8571428571428571
0577d97e-75ea-44be-90ca-51504e9d0d67,0.7613660621908286,0.0030833674528080945,0.004049773154158085,0.5714285714285714
5e9860ce-2b85-48d1-a4f5-98e089c84d97,0.7409631965166351,0.0026270093941117008,0.0035453879448123947,0.5714285714285714
afc75c8f-03ad-455b-b7d1-0d0630e46447,0.7339642496233776,0.0019942276139125457,0.0027170536920474706,0.5714285714285714
5127a33f-433a-4497-a646-3436f1170dbe,0.7332330561982384,0.008806948107243502,0.012011107110440854,0.5714285714285714
1dc16d26-e4df-45b1-b4f6-a3817d68f265,0.7322665752621412,0.004579772950749803,0.006254232792811222,0.7142857142857143
6d032b61-fbed-4b32-a4b9-3c4ca23e41e8,0.729254181554834,0.0019334332965641142,0.0026512374600308284,0.5714285714285714
a5708f53-edb4-4e32-82a7-c8f44df6b399,0.7130666189901463,0.003852684178654042,0.005402969295413184,0.42857142857142855
6f0870da-b238-4231-bb2f-b42a272a8837,0.7118506142081508,0.005375725280920293,0.007551750402567256,0.7142857142857143
133d2b79-b1e1-4331-9643-f858b9ccbc09,0.7106914045578606,0.008795269651692757,0.01237564221034933,0.7142857142857143
7e8dbe88-5a45-4e8f-a7ff-9a91354f2a5b,0.7023408109429831,0.006374210634352161,0.0090756560228728,0.42857142857142855
4a7cbf29-9bb7-4145-b8c1-dcc95d9ab11f,0.7006969710648298,0.0034098441363586626,0.00486635060546518,0.42857142857142855
ef9d7b16-2e34-4622-9f04-5c3b569a097d,0.6950026915409402,0.011752330268327853,0.01690975223742518,0.7142857142857143
ab559676-39cf-4c54-9356-4a74cfac2857,0.692361232724854,0.014361231870264338,0.020742387453052555,0.42857142857142855
358ea049-8a37-482f-bc63-10ec94f57dad,0.6833600433078093,0.009158702621385125,0.013402445573861705,0.5714285714285714
f7b6f630-511b-4d7c-af93-bfca169489aa,0.6830589419826596,0.007062266083009331,0.010339165214528729,0.5714285714285714
27267a5a-5357-4f57-8da0-520035ad56ea,0.6681616713360726,0.007195061822201768,0.010768434421264607,0.7142857142857143
d77b34a6-b5b5-44a2-837c-ebd45c330760,0.6599352375245767,0.0015168863038207414,0.0022985281255145525,0.5714285714285714
1f453a2f-92c2-4a32-91a3-fbf685033cfe,0.6569134424255214,0.00487882988764834,0.007426889150722563,0.42857142857142855
4dedce0e-8296-4406-ac35-31da01176568,0.652750232616009,0.005058358934449073,0.007749292385043707,0.5714285714285714
186d86ba-e273-4001-8cad-905f388ad232,0.6477785950837044,0.003448169833656853,0.00532305849875348,0.7142857142857143
55a4f77e-3010-4e83-b040-1a36934bfc35,0.6357949396060895,0.00586068277866508,0.009217872077350444,0.5714285714285714
b6e9eb3d-1c3e-4f09-9463-e94f5bc67c80,0.6301012489907649,0.003522423197168115,0.005590239508011595,0.7142857142857143
d2f98003-aa4f-46c3-9528-dc961ac2cc72,0.6211724559438965,0.016093777502550196,0.025908700775166382,0.42857142857142855
139462e0-ac51-44e8-9f2d-861d2b5aee50,0.5974010769878086,0.0012269770762396311,0.0020538481591219166,0.5714285714285714
032c252d-d83e-4fbf-8b3b-33a0d7ee7b52,0.5886988808891405,0.0025792122685219755,0.0043811980373356,0.7142857142857143
70389c76-4172-47a0-9920-661a80c6ffc8,0.5843673853643875,0.0074991732895507285,0.012832967125981377,0.7142857142857143
40e12e6b-4cdb-4519-9642-9e43f13e4240,0.5836134404532001,0.0009651848906311576,0.0016537985378596686,0.2857142857142857
492ddc33-6362-483f-94ef-39eb50ae0898,0.5648531429696212,0.005657827569401365,0.010016447622341058,0.2857142857142857
b2c60e7b-8ad7-449a-acd4-61b8ef73e1c4,0.5507520414991037,0.0021475727129696884,0.003899335896429479,0.2857142857142857
361709dc-5fa3-4582-8a44-ebd7b6d1b237,0.5254823307301997,0.003676818142066741,0.00699702477556992,0.2857142857142857
00464d75-9e7d-4554-8eb2-91c257777af4,0.5247305633647531,0.0031746021150179152,0.006049956090523245,0.2857142857142857
120b6b56-e9e7-421d-9f10-2fba3b08d152,0.49883916357133035,0.003303760155468585,0.006622886510001407,0.2857142857142857
63972501-2def-4136-9d0a-948dc6bd8978,0.46687468318059117,0.004334485984865962,0.009284035892866171,0.7142857142857143
e6a594e2-1084-4a3d-a84f-ea896357f3c7,0.46097053521641684,0.0014744279692446253,0.0031985197467058486,0.42857142857142855
369b6019-7f89-4262-b5d3-506d98f11de9,0.4305653462283996,0.001707379065580975,0.003965425399149079,0.2857142857142857
32d33cd5-2c65-4cd5-a58b-819400b24def,0.3779633150486998,0.0012336923565256807,0.003264043169728184,0.14285714285714285
74421100-2ef9-4c4a-9312-0cb7cfb0e185,0.37796319246712834,0.0011155951762480585,0.0029515874001756334,0.14285714285714285
8d5f1865-e9c7-4842-89ad-81ea8f16d3a9,0.377963155538627,0.0010843251065962081,0.0028688545723971697,0.14285714285714285
6967a453-1549-4d58-856e-475c894f8d82,0.37796303763557415,0.0009952572281937677,0.0026332031163401716,0.14285714285714285
c2503fe2-b5e6-4313-a7a3-d94f277d6d0a,0.377962644470841,0.0007812603378130186,0.002067020563051559,0.14285714285714285
2ab43094-6c2c-4652-8487-e928c9e0cb7d,0.3779506348389324,0.00010323034727583831,0.0002731218266467022,0.14285714285714285
76c226b7-4deb-4c06-ab50-9d23a7fe6def,0.0,0.0,0.0,0.0
78560fa4-ea76-4567-aaa4-39bfd691350d,0.0,0.0,0.0,0.0
41d5aa9c-f134-4aac-bf28-10c5286485d1,0.0,0.0,0.0,0.0
1002a65f-aaea-484a-8d45-c030a3a3794a,0.0,0.0,0.0,0.0
6614a668-9a68-447a-9871-5c675c3fedca,0.0,0.0,0.0,0.0
